Id,ClusterId
0,1
1,1
2,1
3,1
4,1
5,1
6,1
7,1
8,1
9,1
10,1
11,1
12,1
13,1
14,1
15,1
16,1
17,1
18,1
19,1
20,1
21,1
22,1
23,1
24,1
25,1
26,1
27,1
28,1
29,1
30,1
31,1
32,1
33,1
34,1
35,1
36,1
37,1
38,1
39,1
40,1
41,1
42,1
43,1
44,1
45,1
46,1
47,1
48,1
49,1
50,1
51,1
52,1
53,1
54,1
55,1
56,1
57,1
58,1
59,1
60,1
61,1
62,1
63,1
64,1
65,1
66,1
67,1
68,1
69,1
70,1
71,1
72,1
73,1
74,1
75,1
76,1
77,12
78,1
79,1
80,1
81,1
82,1
83,1
84,1
85,1
86,1
87,1
88,1
89,1
90,1
91,1
92,1
93,1
94,1
95,13
96,1
97,1
98,1
99,1
100,1
101,1
102,1
103,1
104,1
105,1
106,1
107,1
108,1
109,1
110,1
111,1
112,1
113,1
114,1
115,1
116,1
117,1
118,1
119,1
120,1
121,1
122,1
123,1
124,1
125,1
126,1
127,1
128,1
129,1
130,1
131,1
132,1
133,1
134,1
135,1
136,1
137,1
138,1
139,1
140,1
141,1
142,1
143,1
144,1
145,1
146,1
147,1
148,1
149,1
150,1
151,1
152,1
153,1
154,1
155,1
156,1
157,1
158,1
159,1
160,1
161,1
162,1
163,1
164,1
165,1
166,1
167,1
168,1
169,1
170,1
171,1
172,12
173,7
174,1
175,1
176,1
177,1
178,1
179,1
180,1
181,1
182,1
183,1
184,1
185,1
186,1
187,1
188,1
189,1
190,1
191,1
192,1
193,1
194,1
195,1
196,1
197,1
198,1
199,1
200,1
201,1
202,1
203,1
204,1
205,1
206,1
207,1
208,1
209,1
210,1
211,1
212,1
213,1
214,1
215,1
216,1
217,1
218,1
219,1
220,1
221,1
222,1
223,1
224,1
225,1
226,1
227,1
228,1
229,1
230,1
231,1
232,1
233,1
234,1
235,1
236,1
237,1
238,1
239,1
240,1
241,1
242,1
243,1
244,1
245,1
246,1
247,1
248,1
249,1
250,1
251,1
252,1
253,1
254,1
255,1
256,1
257,1
258,1
259,1
260,1
261,1
262,1
263,1
264,1
265,1
266,1
267,1
268,1
269,1
270,1
271,1
272,1
273,1
274,1
275,1
276,1
277,13
278,1
279,1
280,1
281,13
282,1
283,1
284,1
285,1
286,1
287,1
288,1
289,1
290,1
291,1
292,1
293,1
294,1
295,1
296,1
297,1
298,1
299,1
300,4
301,4
302,4
303,4
304,4
305,0
306,4
307,9
308,4
309,4
310,4
311,4
312,4
313,4
314,4
315,4
316,4
317,4
318,4
319,4
320,4
321,4
322,4
323,4
324,9
325,4
326,4
327,4
328,4
329,4
330,4
331,4
332,4
333,4
334,4
335,4
336,4
337,4
338,4
339,4
340,4
341,4
342,4
343,4
344,4
345,4
346,4
347,0
348,4
349,4
350,4
351,0
352,4
353,4
354,4
355,4
356,4
357,4
358,4
359,4
360,4
361,4
362,4
363,4
364,4
365,4
366,4
367,4
368,4
369,4
370,4
371,4
372,0
373,4
374,4
375,4
376,4
377,4
378,4
379,4
380,4
381,4
382,4
383,4
384,4
385,4
386,4
387,4
388,4
389,4
390,4
391,4
392,4
393,4
394,4
395,4
396,4
397,4
398,4
399,4
400,4
401,4
402,0
403,4
404,4
405,4
406,4
407,4
408,9
409,4
410,4
411,4
412,4
413,4
414,4
415,4
416,4
417,4
418,4
419,4
420,4
421,4
422,4
423,4
424,4
425,4
426,4
427,4
428,4
429,4
430,4
431,0
432,0
433,4
434,4
435,4
436,4
437,4
438,4
439,4
440,4
441,4
442,4
443,4
444,11
445,4
446,0
447,0
448,4
449,4
450,4
451,4
452,4
453,4
454,4
455,4
456,4
457,4
458,4
459,4
460,4
461,4
462,4
463,4
464,4
465,4
466,4
467,4
468,4
469,4
470,4
471,4
472,4
473,0
474,4
475,4
476,4
477,4
478,4
479,4
480,4
481,4
482,4
483,4
484,4
485,0
486,0
487,4
488,4
489,0
490,4
491,4
492,4
493,4
494,4
495,4
496,4
497,4
498,4
499,4
500,4
501,4
502,4
503,4
504,4
505,4
506,0
507,4
508,4
509,4
510,4
511,4
512,4
513,4
514,9
515,4
516,4
517,4
518,4
519,4
520,4
521,4
522,4
523,4
524,4
525,4
526,4
527,4
528,4
529,4
530,4
531,0
532,4
533,4
534,4
535,4
536,4
537,4
538,4
539,0
540,4
541,4
542,4
543,4
544,4
545,4
546,4
547,4
548,4
549,4
550,4
551,4
552,4
553,4
554,4
555,4
556,4
557,4
558,4
559,4
560,4
561,4
562,4
563,4
564,4
565,4
566,4
567,4
568,4
569,4
570,4
571,4
572,4
573,0
574,4
575,4
576,4
577,0
578,4
579,4
580,4
581,4
582,4
583,4
584,4
585,4
586,4
587,4
588,4
589,4
590,4
591,4
592,4
593,4
594,4
595,4
596,4
597,4
598,0
599,4
600,4
601,4
602,4
603,4
604,4
605,4
606,4
607,4
608,4
609,4
610,4
611,4
612,4
613,4
614,4
615,4
616,4
617,3
618,3
619,3
620,3
621,3
622,3
623,3
624,3
625,3
626,3
627,3
628,3
629,3
630,3
631,3
632,3
633,3
634,3
635,3
636,3
637,3
638,3
639,3
640,3
641,3
642,3
643,3
644,3
645,3
646,3
647,3
648,3
649,3
650,3
651,3
652,3
653,3
654,3
655,3
656,3
657,3
658,3
659,3
660,3
661,3
662,3
663,3
664,3
665,3
666,3
667,3
668,3
669,3
670,3
671,3
672,3
673,3
674,3
675,3
676,3
677,3
678,3
679,3
680,3
681,3
682,3
683,3
684,3
685,3
686,3
687,8
688,3
689,3
690,3
691,3
692,3
693,3
694,3
695,3
696,3
697,3
698,3
699,3
700,3
701,3
702,3
703,3
704,3
705,3
706,3
707,3
708,3
709,3
710,3
711,3
712,3
713,3
714,3
715,3
716,3
717,3
718,3
719,3
720,3
721,3
722,3
723,3
724,3
725,3
726,3
727,3
728,3
729,3
730,3
731,3
732,3
733,3
734,3
735,3
736,3
737,3
738,3
739,3
740,3
741,3
742,3
743,3
744,3
745,3
746,3
747,3
748,3
749,3
750,3
751,3
752,3
753,3
754,3
755,3
756,3
757,3
758,3
759,3
760,3
761,3
762,3
763,3
764,3
765,3
766,3
767,3
768,3
769,3
770,3
771,3
772,3
773,3
774,3
775,3
776,3
777,3
778,3
779,3
780,3
781,3
782,3
783,3
784,3
785,3
786,3
787,3
788,3
789,3
790,3
791,3
792,3
793,3
794,3
795,3
796,3
797,3
798,3
799,3
800,3
801,3
802,3
803,3
804,3
805,3
806,3
807,3
808,3
809,3
810,3
811,3
812,3
813,3
814,3
815,3
816,3
817,3
818,3
819,3
820,3
821,3
822,3
823,3
824,3
825,3
826,3
827,3
828,3
829,3
830,3
831,3
832,3
833,3
834,3
835,3
836,3
837,3
838,3
839,3
840,3
841,3
842,3
843,3
844,3
845,3
846,3
847,3
848,3
849,3
850,3
851,3
852,3
853,3
854,3
855,3
856,3
857,3
858,3
859,3
860,3
861,3
862,3
863,3
864,3
865,3
866,3
867,3
868,3
869,3
870,3
871,3
872,3
873,3
874,3
875,3
876,3
877,3
878,3
879,3
880,3
881,3
882,3
883,3
884,3
885,3
886,3
887,3
888,3
889,3
890,3
891,3
892,3
893,3
894,5
895,3
896,3
897,3
898,3
899,3
900,3
901,3
902,3
903,3
904,3
905,3
906,3
907,3
908,3
909,3
910,3
911,3
912,3
913,3
914,3
915,3
916,3
917,3
918,3
919,3
920,3
921,3
922,3
923,3
924,3
925,3
926,3
927,3
928,3
929,3
930,3
931,3
932,9
933,9
934,9
935,9
936,9
937,9
938,9
939,9
940,9
941,9
942,9
943,9
944,4
945,9
946,9
947,9
948,9
949,9
950,9
951,9
952,9
953,9
954,9
955,9
956,9
957,9
958,8
959,9
960,9
961,9
962,9
963,9
964,9
965,9
966,9
967,9
968,9
969,9
970,9
971,9
972,9
973,9
974,9
975,9
976,9
977,9
978,9
979,9
980,9
981,9
982,9
983,9
984,9
985,9
986,14
987,9
988,9
989,9
990,9
991,9
992,9
993,9
994,9
995,9
996,9
997,4
998,9
999,9
1000,9
1001,9
1002,9
1003,9
1004,9
1005,9
1006,9
1007,9
1008,9
1009,9
1010,9
1011,13
1012,9
1013,9
1014,9
1015,13
1016,9
1017,9
1018,4
1019,9
1020,9
1021,13
1022,9
1023,9
1024,9
1025,9
1026,9
1027,9
1028,9
1029,9
1030,14
1031,9
1032,9
1033,9
1034,9
1035,9
1036,9
1037,9
1038,9
1039,9
1040,9
1041,13
1042,9
1043,9
1044,9
1045,9
1046,9
1047,9
1048,9
1049,9
1050,9
1051,14
1052,9
1053,9
1054,4
1055,9
1056,9
1057,9
1058,8
1059,9
1060,9
1061,9
1062,9
1063,9
1064,9
1065,9
1066,9
1067,9
1068,9
1069,13
1070,9
1071,9
1072,9
1073,9
1074,9
1075,9
1076,9
1077,9
1078,9
1079,9
1080,4
1081,9
1082,9
1083,9
1084,9
1085,9
1086,9
1087,9
1088,9
1089,9
1090,9
1091,9
1092,9
1093,9
1094,9
1095,9
1096,9
1097,9
1098,9
1099,9
1100,9
1101,9
1102,9
1103,9
1104,9
1105,9
1106,9
1107,9
1108,9
1109,9
1110,9
1111,9
1112,8
1113,9
1114,9
1115,14
1116,9
1117,9
1118,9
1119,9
1120,9
1121,9
1122,9
1123,9
1124,9
1125,9
1126,9
1127,14
1128,9
1129,9
1130,9
1131,9
1132,9
1133,9
1134,9
1135,9
1136,9
1137,9
1138,9
1139,9
1140,9
1141,9
1142,9
1143,9
1144,9
1145,9
1146,9
1147,9
1148,9
1149,9
1150,8
1151,9
1152,9
1153,9
1154,9
1155,9
1156,9
1157,9
1158,9
1159,9
1160,9
1161,9
1162,9
1163,9
1164,9
1165,9
1166,9
1167,9
1168,9
1169,9
1170,9
1171,9
1172,9
1173,9
1174,9
1175,9
1176,9
1177,9
1178,9
1179,9
1180,9
1181,9
1182,9
1183,9
1184,9
1185,9
1186,9
1187,9
1188,9
1189,9
1190,9
1191,9
1192,9
1193,9
1194,9
1195,9
1196,9
1197,9
1198,9
1199,9
1200,9
1201,9
1202,8
1203,9
1204,9
1205,9
1206,9
1207,9
1208,9
1209,8
1210,8
1211,9
1212,9
1213,9
1214,9
1215,9
1216,9
1217,9
1218,9
1219,9
1220,9
1221,9
1222,9
1223,9
1224,9
1225,9
1226,9
1227,9
1228,9
1229,8
1230,9
1231,9
1232,9
1233,9
1234,9
1235,9
1236,9
1237,9
1238,9
1239,9
1240,9
1241,9
1242,9
1243,9
1244,9
1245,9
1246,9
1247,9
1248,9
1249,9
1250,9
1251,9
1252,6
1253,6
1254,6
1255,6
1256,6
1257,6
1258,6
1259,6
1260,6
1261,6
1262,6
1263,6
1264,6
1265,6
1266,6
1267,6
1268,6
1269,6
1270,6
1271,6
1272,6
1273,6
1274,6
1275,6
1276,6
1277,6
1278,6
1279,6
1280,6
1281,6
1282,6
1283,6
1284,6
1285,6
1286,6
1287,6
1288,6
1289,6
1290,6
1291,6
1292,6
1293,6
1294,6
1295,6
1296,6
1297,6
1298,6
1299,6
1300,6
1301,6
1302,6
1303,6
1304,6
1305,6
1306,6
1307,6
1308,6
1309,6
1310,6
1311,6
1312,6
1313,6
1314,6
1315,6
1316,6
1317,6
1318,6
1319,6
1320,6
1321,6
1322,6
1323,6
1324,0
1325,6
1326,6
1327,6
1328,6
1329,6
1330,6
1331,6
1332,6
1333,6
1334,6
1335,6
1336,6
1337,6
1338,6
1339,6
1340,6
1341,6
1342,6
1343,6
1344,6
1345,6
1346,6
1347,6
1348,6
1349,6
1350,6
1351,6
1352,6
1353,6
1354,6
1355,6
1356,6
1357,6
1358,6
1359,6
1360,6
1361,6
1362,6
1363,6
1364,6
1365,6
1366,6
1367,6
1368,6
1369,6
1370,6
1371,6
1372,6
1373,6
1374,6
1375,6
1376,6
1377,6
1378,6
1379,6
1380,6
1381,6
1382,6
1383,6
1384,6
1385,6
1386,6
1387,6
1388,6
1389,6
1390,6
1391,6
1392,6
1393,6
1394,6
1395,6
1396,6
1397,6
1398,6
1399,6
1400,6
1401,6
1402,6
1403,6
1404,6
1405,6
1406,6
1407,6
1408,6
1409,6
1410,6
1411,6
1412,6
1413,6
1414,6
1415,6
1416,6
1417,6
1418,6
1419,6
1420,6
1421,6
1422,6
1423,6
1424,6
1425,6
1426,6
1427,6
1428,6
1429,6
1430,6
1431,6
1432,6
1433,6
1434,6
1435,6
1436,6
1437,6
1438,6
1439,6
1440,6
1441,6
1442,6
1443,6
1444,6
1445,6
1446,6
1447,6
1448,6
1449,6
1450,6
1451,6
1452,6
1453,6
1454,6
1455,6
1456,6
1457,6
1458,6
1459,6
1460,6
1461,6
1462,6
1463,6
1464,6
1465,6
1466,6
1467,6
1468,6
1469,6
1470,6
1471,6
1472,6
1473,6
1474,6
1475,6
1476,6
1477,6
1478,6
1479,6
1480,6
1481,6
1482,6
1483,6
1484,6
1485,6
1486,6
1487,6
1488,6
1489,6
1490,6
1491,6
1492,6
1493,6
1494,6
1495,6
1496,6
1497,6
1498,6
1499,6
1500,6
1501,6
1502,6
1503,6
1504,6
1505,6
1506,6
1507,0
1508,6
1509,0
1510,6
1511,6
1512,6
1513,6
1514,6
1515,6
1516,6
1517,6
1518,6
1519,6
1520,6
1521,6
1522,6
1523,6
1524,6
1525,6
1526,6
1527,6
1528,6
1529,6
1530,6
1531,6
1532,6
1533,6
1534,6
1535,6
1536,6
1537,6
1538,6
1539,6
1540,6
1541,6
1542,6
1543,6
1544,6
1545,6
1546,6
1547,6
1548,6
1549,6
1550,6
1551,6
1552,6
1553,6
1554,6
1555,6
1556,6
1557,6
1558,6
1559,6
1560,0
1561,6
1562,6
1563,6
1564,6
1565,6
1566,6
1567,6
1568,6
1569,6
1570,6
1571,6
1572,6
1573,8
1574,8
1575,8
1576,8
1577,8
1578,8
1579,8
1580,8
1581,8
1582,8
1583,8
1584,8
1585,8
1586,8
1587,8
1588,8
1589,8
1590,8
1591,8
1592,8
1593,8
1594,8
1595,8
1596,8
1597,8
1598,8
1599,8
1600,8
1601,8
1602,8
1603,8
1604,8
1605,8
1606,8
1607,8
1608,8
1609,8
1610,8
1611,8
1612,8
1613,8
1614,8
1615,8
1616,8
1617,8
1618,8
1619,8
1620,8
1621,8
1622,8
1623,8
1624,8
1625,8
1626,8
1627,8
1628,8
1629,8
1630,8
1631,8
1632,8
1633,8
1634,8
1635,8
1636,8
1637,8
1638,8
1639,8
1640,8
1641,8
1642,8
1643,8
1644,8
1645,8
1646,8
1647,8
1648,8
1649,8
1650,8
1651,8
1652,8
1653,8
1654,9
1655,8
1656,8
1657,8
1658,8
1659,8
1660,8
1661,8
1662,8
1663,8
1664,8
1665,8
1666,8
1667,8
1668,8
1669,8
1670,8
1671,8
1672,8
1673,8
1674,8
1675,8
1676,8
1677,8
1678,8
1679,8
1680,8
1681,8
1682,9
1683,8
1684,8
1685,8
1686,8
1687,8
1688,8
1689,8
1690,8
1691,8
1692,8
1693,8
1694,8
1695,8
1696,8
1697,8
1698,8
1699,8
1700,8
1701,8
1702,8
1703,8
1704,8
1705,8
1706,8
1707,8
1708,8
1709,8
1710,8
1711,8
1712,8
1713,8
1714,9
1715,9
1716,8
1717,8
1718,8
1719,8
1720,8
1721,8
1722,8
1723,8
1724,8
1725,8
1726,8
1727,8
1728,8
1729,8
1730,8
1731,8
1732,8
1733,8
1734,8
1735,8
1736,8
1737,8
1738,8
1739,8
1740,8
1741,8
1742,8
1743,8
1744,8
1745,8
1746,8
1747,8
1748,8
1749,8
1750,8
1751,8
1752,8
1753,8
1754,8
1755,8
1756,8
1757,8
1758,8
1759,8
1760,8
1761,8
1762,8
1763,8
1764,8
1765,8
1766,8
1767,8
1768,8
1769,8
1770,8
1771,8
1772,8
1773,8
1774,8
1775,8
1776,8
1777,8
1778,8
1779,8
1780,8
1781,8
1782,8
1783,8
1784,8
1785,8
1786,8
1787,8
1788,8
1789,8
1790,8
1791,8
1792,8
1793,8
1794,8
1795,8
1796,8
1797,8
1798,8
1799,8
1800,8
1801,8
1802,8
1803,8
1804,8
1805,8
1806,8
1807,8
1808,8
1809,8
1810,8
1811,8
1812,8
1813,8
1814,8
1815,8
1816,8
1817,8
1818,8
1819,8
1820,8
1821,8
1822,8
1823,8
1824,8
1825,8
1826,8
1827,8
1828,8
1829,8
1830,8
1831,8
1832,8
1833,8
1834,8
1835,8
1836,8
1837,8
1838,8
1839,8
1840,8
1841,8
1842,8
1843,8
1844,8
1845,8
1846,8
1847,8
1848,8
1849,8
1850,8
1851,8
1852,8
1853,8
1854,8
1855,8
1856,8
1857,8
1858,8
1859,8
1860,9
1861,8
1862,8
1863,8
1864,8
1865,8
1866,8
1867,8
1868,8
1869,8
1870,8
1871,8
1872,8
1873,8
1874,8
1875,8
1876,8
1877,8
1878,8
1879,8
1880,8
1881,8
1882,8
1883,8
1884,8
1885,8
1886,8
1887,8
1888,8
1889,8
1890,8
1891,8
1892,8
1893,8
1894,8
1895,8
1896,8
1897,8
1898,8
1899,8
1900,8
1901,8
1902,13
1903,13
1904,13
1905,13
1906,13
1907,13
1908,13
1909,13
1910,13
1911,13
1912,13
1913,13
1914,13
1915,13
1916,13
1917,13
1918,13
1919,13
1920,13
1921,13
1922,13
1923,13
1924,13
1925,13
1926,13
1927,13
1928,13
1929,13
1930,13
1931,13
1932,13
1933,13
1934,13
1935,13
1936,13
1937,13
1938,13
1939,13
1940,13
1941,13
1942,13
1943,13
1944,13
1945,13
1946,13
1947,13
1948,13
1949,13
1950,13
1951,13
1952,13
1953,13
1954,13
1955,13
1956,13
1957,13
1958,13
1959,13
1960,13
1961,13
1962,13
1963,13
1964,13
1965,13
1966,13
1967,13
1968,13
1969,13
1970,13
1971,13
1972,13
1973,13
1974,13
1975,13
1976,13
1977,13
1978,13
1979,13
1980,13
1981,13
1982,13
1983,13
1984,13
1985,13
1986,13
1987,13
1988,13
1989,13
1990,13
1991,13
1992,13
1993,13
1994,13
1995,13
1996,13
1997,13
1998,13
1999,13
2000,13
2001,13
2002,13
2003,13
2004,13
2005,13
2006,13
2007,13
2008,13
2009,13
2010,13
2011,13
2012,13
2013,13
2014,13
2015,13
2016,13
2017,13
2018,13
2019,13
2020,13
2021,13
2022,13
2023,13
2024,13
2025,13
2026,13
2027,13
2028,13
2029,13
2030,13
2031,13
2032,13
2033,13
2034,13
2035,13
2036,13
2037,13
2038,13
2039,1
2040,13
2041,13
2042,13
2043,13
2044,13
2045,13
2046,13
2047,13
2048,13
2049,13
2050,13
2051,13
2052,13
2053,13
2054,13
2055,13
2056,13
2057,13
2058,13
2059,13
2060,13
2061,13
2062,13
2063,13
2064,13
2065,13
2066,13
2067,13
2068,13
2069,13
2070,13
2071,1
2072,13
2073,13
2074,13
2075,13
2076,13
2077,13
2078,13
2079,13
2080,13
2081,13
2082,13
2083,13
2084,13
2085,13
2086,13
2087,13
2088,13
2089,13
2090,13
2091,13
2092,13
2093,13
2094,13
2095,13
2096,13
2097,13
2098,13
2099,13
2100,13
2101,13
2102,13
2103,13
2104,13
2105,13
2106,13
2107,1
2108,13
2109,13
2110,13
2111,13
2112,13
2113,13
2114,13
2115,13
2116,13
2117,13
2118,13
2119,13
2120,13
2121,13
2122,13
2123,13
2124,13
2125,13
2126,13
2127,13
2128,13
2129,13
2130,13
2131,13
2132,13
2133,13
2134,13
2135,13
2136,13
2137,13
2138,13
2139,13
2140,13
2141,13
2142,13
2143,13
2144,13
2145,13
2146,13
2147,13
2148,13
2149,13
2150,13
2151,13
2152,13
2153,13
2154,13
2155,13
2156,1
2157,13
2158,13
2159,13
2160,13
2161,13
2162,13
2163,13
2164,13
2165,13
2166,13
2167,13
2168,13
2169,13
2170,13
2171,13
2172,13
2173,13
2174,13
2175,13
2176,13
2177,13
2178,13
2179,13
2180,13
2181,13
2182,13
2183,13
2184,13
2185,13
2186,13
2187,13
2188,13
2189,13
2190,13
2191,13
2192,13
2193,13
2194,13
2195,13
2196,13
2197,13
2198,13
2199,13
2200,13
2201,13
2202,13
2203,13
2204,13
2205,13
2206,13
2207,13
2208,13
2209,13
2210,13
2211,13
2212,13
2213,13
2214,13
2215,13
2216,13
2217,13
2218,13
2219,13
2220,13
2221,13
2222,13
2223,13
2224,13
2225,13
2226,13
2227,13
2228,13
2229,13
2230,13
2231,13
2232,13
2233,13
2234,13
2235,13
2236,7
2237,7
2238,7
2239,7
2240,7
2241,7
2242,7
2243,7
2244,7
2245,7
2246,7
2247,7
2248,7
2249,7
2250,7
2251,7
2252,7
2253,7
2254,7
2255,7
2256,7
2257,7
2258,7
2259,7
2260,7
2261,7
2262,7
2263,7
2264,7
2265,7
2266,7
2267,7
2268,7
2269,7
2270,7
2271,7
2272,7
2273,7
2274,7
2275,7
2276,7
2277,7
2278,7
2279,7
2280,7
2281,7
2282,7
2283,7
2284,7
2285,7
2286,7
2287,7
2288,7
2289,7
2290,7
2291,7
2292,7
2293,7
2294,7
2295,7
2296,7
2297,7
2298,7
2299,7
2300,7
2301,7
2302,7
2303,7
2304,7
2305,7
2306,7
2307,7
2308,7
2309,7
2310,7
2311,7
2312,7
2313,7
2314,7
2315,7
2316,7
2317,7
2318,7
2319,7
2320,7
2321,7
2322,7
2323,7
2324,7
2325,7
2326,7
2327,7
2328,7
2329,7
2330,7
2331,7
2332,7
2333,7
2334,7
2335,7
2336,7
2337,7
2338,7
2339,7
2340,7
2341,7
2342,7
2343,7
2344,7
2345,7
2346,7
2347,7
2348,7
2349,7
2350,7
2351,7
2352,7
2353,7
2354,7
2355,7
2356,7
2357,7
2358,7
2359,7
2360,7
2361,7
2362,7
2363,7
2364,7
2365,7
2366,7
2367,7
2368,7
2369,7
2370,7
2371,7
2372,7
2373,7
2374,7
2375,7
2376,7
2377,7
2378,7
2379,7
2380,7
2381,7
2382,7
2383,7
2384,7
2385,7
2386,7
2387,7
2388,7
2389,7
2390,7
2391,7
2392,7
2393,7
2394,7
2395,7
2396,7
2397,7
2398,7
2399,7
2400,7
2401,7
2402,7
2403,7
2404,7
2405,7
2406,7
2407,7
2408,7
2409,7
2410,7
2411,7
2412,7
2413,7
2414,7
2415,7
2416,7
2417,7
2418,7
2419,7
2420,7
2421,7
2422,7
2423,7
2424,7
2425,7
2426,7
2427,7
2428,7
2429,7
2430,7
2431,7
2432,7
2433,7
2434,7
2435,7
2436,7
2437,7
2438,7
2439,7
2440,7
2441,12
2442,7
2443,7
2444,7
2445,7
2446,7
2447,7
2448,7
2449,7
2450,7
2451,7
2452,7
2453,7
2454,7
2455,7
2456,7
2457,7
2458,7
2459,7
2460,7
2461,7
2462,7
2463,7
2464,7
2465,7
2466,7
2467,7
2468,7
2469,7
2470,7
2471,7
2472,7
2473,7
2474,7
2475,7
2476,7
2477,7
2478,7
2479,7
2480,7
2481,7
2482,7
2483,7
2484,7
2485,7
2486,7
2487,7
2488,7
2489,7
2490,7
2491,7
2492,7
2493,7
2494,7
2495,7
2496,7
2497,7
2498,7
2499,7
2500,7
2501,7
2502,7
2503,7
2504,7
2505,7
2506,7
2507,7
2508,7
2509,7
2510,7
2511,7
2512,7
2513,7
2514,7
2515,7
2516,7
2517,7
2518,7
2519,7
2520,7
2521,7
2522,7
2523,7
2524,7
2525,7
2526,7
2527,7
2528,7
2529,7
2530,7
2531,7
2532,7
2533,7
2534,7
2535,7
2536,7
2537,7
2538,7
2539,7
2540,7
2541,7
2542,7
2543,7
2544,7
2545,7
2546,7
2547,7
2548,7
2549,7
2550,7
2551,7
2552,7
2553,7
2554,7
2555,7
2556,7
2557,7
2558,7
2559,7
2560,7
2561,7
2562,7
2563,7
2564,7
2565,7
2566,7
2567,7
2568,7
2569,12
2570,12
2571,12
2572,12
2573,12
2574,12
2575,12
2576,12
2577,12
2578,12
2579,12
2580,12
2581,12
2582,12
2583,12
2584,12
2585,12
2586,12
2587,12
2588,12
2589,12
2590,12
2591,12
2592,12
2593,12
2594,12
2595,12
2596,12
2597,12
2598,12
2599,7
2600,12
2601,12
2602,12
2603,12
2604,12
2605,12
2606,12
2607,12
2608,12
2609,12
2610,12
2611,12
2612,12
2613,12
2614,12
2615,12
2616,12
2617,7
2618,7
2619,12
2620,12
2621,12
2622,12
2623,12
2624,12
2625,12
2626,12
2627,12
2628,12
2629,12
2630,12
2631,12
2632,12
2633,12
2634,12
2635,12
2636,12
2637,12
2638,12
2639,12
2640,12
2641,12
2642,12
2643,12
2644,12
2645,12
2646,12
2647,12
2648,12
2649,12
2650,12
2651,12
2652,12
2653,12
2654,12
2655,12
2656,12
2657,12
2658,12
2659,12
2660,12
2661,12
2662,12
2663,12
2664,12
2665,12
2666,12
2667,12
2668,12
2669,12
2670,12
2671,12
2672,12
2673,12
2674,12
2675,12
2676,12
2677,12
2678,12
2679,12
2680,12
2681,12
2682,12
2683,12
2684,12
2685,12
2686,12
2687,12
2688,12
2689,12
2690,7
2691,12
2692,12
2693,12
2694,12
2695,12
2696,12
2697,12
2698,12
2699,12
2700,12
2701,12
2702,12
2703,12
2704,12
2705,12
2706,12
2707,12
2708,12
2709,12
2710,12
2711,12
2712,12
2713,12
2714,12
2715,12
2716,12
2717,12
2718,12
2719,7
2720,12
2721,12
2722,12
2723,12
2724,12
2725,12
2726,12
2727,12
2728,12
2729,12
2730,12
2731,12
2732,12
2733,12
2734,12
2735,12
2736,12
2737,12
2738,12
2739,12
2740,12
2741,12
2742,12
2743,12
2744,12
2745,12
2746,12
2747,12
2748,12
2749,12
2750,12
2751,12
2752,12
2753,12
2754,12
2755,12
2756,12
2757,12
2758,12
2759,12
2760,12
2761,12
2762,12
2763,12
2764,12
2765,12
2766,12
2767,12
2768,12
2769,12
2770,12
2771,12
2772,12
2773,12
2774,12
2775,12
2776,12
2777,12
2778,12
2779,12
2780,12
2781,12
2782,12
2783,12
2784,12
2785,12
2786,12
2787,12
2788,12
2789,12
2790,12
2791,12
2792,12
2793,12
2794,12
2795,12
2796,12
2797,12
2798,12
2799,12
2800,12
2801,12
2802,12
2803,12
2804,12
2805,12
2806,12
2807,12
2808,12
2809,12
2810,12
2811,12
2812,12
2813,12
2814,12
2815,12
2816,12
2817,12
2818,7
2819,12
2820,12
2821,12
2822,12
2823,12
2824,12
2825,12
2826,12
2827,12
2828,12
2829,12
2830,12
2831,12
2832,12
2833,12
2834,12
2835,12
2836,12
2837,12
2838,12
2839,12
2840,12
2841,12
2842,12
2843,12
2844,12
2845,12
2846,12
2847,12
2848,12
2849,12
2850,12
2851,12
2852,12
2853,12
2854,12
2855,12
2856,12
2857,12
2858,12
2859,12
2860,12
2861,12
2862,12
2863,12
2864,12
2865,12
2866,12
2867,12
2868,12
2869,12
2870,12
2871,12
2872,12
2873,12
2874,12
2875,12
2876,12
2877,12
2878,12
2879,12
2880,12
2881,12
2882,12
2883,12
2884,12
2885,12
2886,12
2887,12
2888,12
2889,12
2890,12
2891,7
2892,12
2893,12
2894,12
2895,12
2896,12
2897,12
2898,12
2899,12
2900,12
2901,12
2902,12
2903,7
2904,12
2905,12
2906,12
2907,12
2908,12
2909,14
2910,14
2911,14
2912,14
2913,14
2914,14
2915,14
2916,14
2917,14
2918,14
2919,14
2920,14
2921,14
2922,2
2923,14
2924,14
2925,14
2926,14
2927,14
2928,14
2929,14
2930,14
2931,14
2932,14
2933,14
2934,14
2935,14
2936,14
2937,14
2938,14
2939,14
2940,14
2941,14
2942,14
2943,14
2944,14
2945,14
2946,14
2947,14
2948,14
2949,14
2950,14
2951,14
2952,14
2953,14
2954,14
2955,14
2956,14
2957,14
2958,14
2959,14
2960,14
2961,14
2962,14
2963,14
2964,14
2965,14
2966,14
2967,14
2968,14
2969,14
2970,14
2971,14
2972,14
2973,14
2974,14
2975,14
2976,14
2977,14
2978,14
2979,14
2980,14
2981,14
2982,14
2983,14
2984,14
2985,14
2986,14
2987,14
2988,14
2989,14
2990,14
2991,14
2992,14
2993,14
2994,14
2995,14
2996,14
2997,14
2998,14
2999,14
3000,14
3001,14
3002,9
3003,14
3004,14
3005,14
3006,14
3007,14
3008,14
3009,14
3010,14
3011,14
3012,14
3013,14
3014,14
3015,14
3016,14
3017,14
3018,14
3019,14
3020,14
3021,14
3022,14
3023,14
3024,14
3025,14
3026,14
3027,14
3028,14
3029,14
3030,14
3031,14
3032,14
3033,14
3034,14
3035,14
3036,14
3037,14
3038,14
3039,14
3040,14
3041,14
3042,14
3043,14
3044,14
3045,14
3046,14
3047,14
3048,14
3049,14
3050,14
3051,9
3052,14
3053,14
3054,14
3055,14
3056,14
3057,14
3058,14
3059,14
3060,14
3061,14
3062,14
3063,14
3064,14
3065,14
3066,14
3067,14
3068,14
3069,14
3070,14
3071,14
3072,14
3073,14
3074,14
3075,14
3076,14
3077,14
3078,2
3079,2
3080,14
3081,14
3082,14
3083,14
3084,14
3085,14
3086,14
3087,14
3088,14
3089,14
3090,14
3091,14
3092,14
3093,14
3094,14
3095,14
3096,14
3097,14
3098,14
3099,14
3100,14
3101,14
3102,14
3103,14
3104,14
3105,14
3106,14
3107,14
3108,14
3109,14
3110,14
3111,14
3112,14
3113,14
3114,14
3115,14
3116,14
3117,14
3118,14
3119,14
3120,14
3121,14
3122,14
3123,14
3124,14
3125,14
3126,14
3127,14
3128,14
3129,14
3130,14
3131,2
3132,14
3133,14
3134,14
3135,14
3136,14
3137,14
3138,14
3139,14
3140,14
3141,14
3142,14
3143,14
3144,4
3145,14
3146,14
3147,14
3148,14
3149,14
3150,14
3151,14
3152,14
3153,14
3154,14
3155,14
3156,14
3157,14
3158,14
3159,14
3160,14
3161,14
3162,14
3163,14
3164,14
3165,9
3166,14
3167,14
3168,14
3169,14
3170,14
3171,14
3172,14
3173,14
3174,14
3175,14
3176,14
3177,14
3178,14
3179,4
3180,14
3181,14
3182,14
3183,14
3184,14
3185,14
3186,14
3187,14
3188,14
3189,14
3190,14
3191,14
3192,14
3193,14
3194,14
3195,14
3196,14
3197,14
3198,14
3199,14
3200,14
3201,14
3202,14
3203,2
3204,14
3205,14
3206,14
3207,14
3208,14
3209,14
3210,14
3211,14
3212,14
3213,14
3214,2
3215,14
3216,14
3217,14
3218,14
3219,14
3220,14
3221,14
3222,14
3223,14
3224,14
3225,14
3226,14
3227,14
3228,14
3229,14
3230,14
3231,14
3232,14
3233,14
3234,14
3235,14
3236,14
3237,14
3238,14
3239,14
3240,14
3241,14
3242,14
3243,14
3244,14
3245,14
3246,14
3247,14
3248,14
3249,14
3250,14
3251,14
3252,14
3253,14
3254,10
3255,10
3256,10
3257,10
3258,10
3259,10
3260,10
3261,10
3262,10
3263,10
3264,10
3265,10
3266,10
3267,10
3268,10
3269,10
3270,10
3271,10
3272,10
3273,10
3274,10
3275,10
3276,10
3277,10
3278,10
3279,10
3280,10
3281,10
3282,10
3283,10
3284,10
3285,10
3286,10
3287,10
3288,10
3289,10
3290,10
3291,10
3292,10
3293,10
3294,10
3295,10
3296,10
3297,10
3298,10
3299,10
3300,10
3301,10
3302,10
3303,10
3304,10
3305,10
3306,10
3307,10
3308,10
3309,10
3310,10
3311,10
3312,10
3313,10
3314,10
3315,10
3316,10
3317,10
3318,10
3319,10
3320,10
3321,10
3322,10
3323,10
3324,10
3325,10
3326,10
3327,10
3328,10
3329,10
3330,10
3331,10
3332,10
3333,10
3334,10
3335,10
3336,10
3337,10
3338,10
3339,10
3340,10
3341,10
3342,10
3343,10
3344,10
3345,10
3346,10
3347,10
3348,10
3349,10
3350,10
3351,10
3352,10
3353,10
3354,10
3355,10
3356,10
3357,10
3358,10
3359,10
3360,10
3361,10
3362,10
3363,10
3364,10
3365,10
3366,10
3367,10
3368,10
3369,10
3370,10
3371,10
3372,10
3373,10
3374,10
3375,10
3376,10
3377,10
3378,10
3379,10
3380,10
3381,10
3382,10
3383,10
3384,10
3385,10
3386,10
3387,10
3388,10
3389,10
3390,10
3391,10
3392,10
3393,10
3394,10
3395,10
3396,10
3397,10
3398,10
3399,10
3400,10
3401,10
3402,10
3403,10
3404,10
3405,10
3406,10
3407,10
3408,10
3409,10
3410,10
3411,10
3412,10
3413,10
3414,10
3415,10
3416,10
3417,10
3418,10
3419,10
3420,10
3421,10
3422,10
3423,10
3424,10
3425,10
3426,10
3427,10
3428,10
3429,10
3430,10
3431,10
3432,10
3433,10
3434,10
3435,10
3436,10
3437,10
3438,10
3439,10
3440,10
3441,10
3442,10
3443,10
3444,10
3445,10
3446,10
3447,10
3448,10
3449,10
3450,10
3451,10
3452,10
3453,10
3454,10
3455,10
3456,10
3457,10
3458,10
3459,10
3460,10
3461,10
3462,10
3463,10
3464,10
3465,10
3466,10
3467,10
3468,10
3469,10
3470,10
3471,10
3472,10
3473,10
3474,10
3475,10
3476,10
3477,10
3478,10
3479,10
3480,10
3481,10
3482,10
3483,10
3484,10
3485,10
3486,10
3487,10
3488,10
3489,10
3490,10
3491,10
3492,10
3493,10
3494,10
3495,10
3496,10
3497,10
3498,10
3499,10
3500,10
3501,10
3502,10
3503,10
3504,10
3505,10
3506,10
3507,10
3508,10
3509,10
3510,10
3511,10
3512,10
3513,10
3514,10
3515,10
3516,10
3517,10
3518,10
3519,10
3520,10
3521,10
3522,10
3523,10
3524,10
3525,10
3526,10
3527,10
3528,10
3529,10
3530,10
3531,10
3532,10
3533,10
3534,2
3535,10
3536,10
3537,10
3538,10
3539,10
3540,10
3541,10
3542,10
3543,2
3544,10
3545,10
3546,10
3547,10
3548,10
3549,10
3550,10
3551,10
3552,10
3553,10
3554,10
3555,2
3556,10
3557,10
3558,10
3559,10
3560,10
3561,10
3562,10
3563,10
3564,10
3565,10
3566,10
3567,10
3568,10
3569,10
3570,10
3571,10
3572,10
3573,10
3574,10
3575,10
3576,10
3577,10
3578,10
3579,10
3580,10
3581,10
3582,10
3583,10
3584,10
3585,10
3586,10
3587,10
3588,10
3589,10
3590,10
3591,10
3592,10
3593,10
3594,10
3595,10
3596,10
3597,10
3598,10
3599,10
3600,11
3601,11
3602,11
3603,11
3604,11
3605,11
3606,11
3607,11
3608,11
3609,11
3610,11
3611,11
3612,11
3613,11
3614,11
3615,11
3616,11
3617,11
3618,11
3619,11
3620,11
3621,11
3622,11
3623,11
3624,11
3625,11
3626,11
3627,11
3628,11
3629,11
3630,11
3631,11
3632,11
3633,11
3634,11
3635,11
3636,11
3637,11
3638,11
3639,11
3640,11
3641,11
3642,11
3643,11
3644,11
3645,11
3646,11
3647,11
3648,11
3649,11
3650,11
3651,11
3652,11
3653,11
3654,11
3655,11
3656,11
3657,11
3658,11
3659,11
3660,11
3661,11
3662,11
3663,11
3664,11
3665,11
3666,11
3667,11
3668,11
3669,11
3670,11
3671,11
3672,11
3673,11
3674,11
3675,11
3676,11
3677,4
3678,11
3679,11
3680,11
3681,11
3682,11
3683,11
3684,11
3685,11
3686,11
3687,11
3688,11
3689,11
3690,11
3691,11
3692,11
3693,4
3694,11
3695,11
3696,11
3697,11
3698,11
3699,11
3700,11
3701,11
3702,14
3703,11
3704,11
3705,11
3706,11
3707,11
3708,11
3709,11
3710,11
3711,11
3712,11
3713,11
3714,11
3715,11
3716,11
3717,4
3718,11
3719,11
3720,11
3721,11
3722,11
3723,11
3724,11
3725,11
3726,11
3727,11
3728,11
3729,11
3730,11
3731,11
3732,11
3733,11
3734,11
3735,11
3736,11
3737,11
3738,11
3739,11
3740,11
3741,11
3742,11
3743,11
3744,11
3745,11
3746,11
3747,11
3748,11
3749,11
3750,11
3751,11
3752,11
3753,11
3754,11
3755,4
3756,11
3757,11
3758,11
3759,11
3760,11
3761,11
3762,11
3763,11
3764,11
3765,11
3766,11
3767,11
3768,11
3769,11
3770,11
3771,11
3772,11
3773,11
3774,11
3775,11
3776,11
3777,11
3778,11
3779,11
3780,11
3781,11
3782,11
3783,11
3784,11
3785,11
3786,11
3787,11
3788,11
3789,11
3790,11
3791,11
3792,11
3793,11
3794,11
3795,11
3796,11
3797,11
3798,11
3799,11
3800,11
3801,11
3802,11
3803,11
3804,4
3805,11
3806,11
3807,11
3808,11
3809,11
3810,11
3811,11
3812,11
3813,11
3814,11
3815,11
3816,11
3817,11
3818,11
3819,11
3820,11
3821,11
3822,11
3823,11
3824,11
3825,11
3826,10
3827,11
3828,11
3829,11
3830,11
3831,11
3832,11
3833,11
3834,11
3835,11
3836,11
3837,11
3838,11
3839,11
3840,11
3841,11
3842,11
3843,11
3844,11
3845,11
3846,11
3847,11
3848,11
3849,11
3850,4
3851,11
3852,11
3853,11
3854,11
3855,11
3856,11
3857,11
3858,11
3859,11
3860,11
3861,11
3862,11
3863,11
3864,11
3865,11
3866,11
3867,11
3868,11
3869,11
3870,11
3871,11
3872,11
3873,11
3874,11
3875,11
3876,11
3877,11
3878,11
3879,11
3880,11
3881,11
3882,11
3883,10
3884,11
3885,11
3886,11
3887,11
3888,11
3889,11
3890,11
3891,11
3892,11
3893,11
3894,11
3895,11
3896,11
3897,11
3898,11
3899,11
3900,11
3901,11
3902,11
3903,11
3904,11
3905,11
3906,11
3907,11
3908,11
3909,11
3910,11
3911,11
3912,11
3913,11
3914,11
3915,11
3916,11
3917,11
3918,11
3919,11
3920,4
3921,11
3922,11
3923,11
3924,11
3925,11
3926,11
3927,11
3928,11
3929,11
3930,11
3931,11
3932,11
3933,11
3934,11
3935,11
3936,11
3937,11
3938,11
3939,11
3940,11
3941,11
3942,11
3943,4
3944,11
3945,11
3946,11
3947,11
3948,11
3949,11
3950,2
3951,2
3952,2
3953,2
3954,2
3955,2
3956,2
3957,2
3958,2
3959,2
3960,2
3961,2
3962,2
3963,2
3964,2
3965,2
3966,2
3967,2
3968,2
3969,2
3970,2
3971,2
3972,2
3973,2
3974,14
3975,2
3976,2
3977,2
3978,2
3979,2
3980,2
3981,2
3982,2
3983,2
3984,2
3985,2
3986,2
3987,2
3988,2
3989,2
3990,2
3991,2
3992,2
3993,2
3994,2
3995,2
3996,2
3997,2
3998,2
3999,2
4000,2
4001,2
4002,2
4003,2
4004,2
4005,2
4006,2
4007,2
4008,2
4009,2
4010,2
4011,2
4012,2
4013,2
4014,2
4015,2
4016,2
4017,2
4018,2
4019,2
4020,2
4021,2
4022,2
4023,2
4024,2
4025,8
4026,2
4027,2
4028,2
4029,2
4030,2
4031,2
4032,2
4033,2
4034,2
4035,2
4036,2
4037,2
4038,2
4039,2
4040,2
4041,2
4042,2
4043,2
4044,2
4045,2
4046,2
4047,2
4048,2
4049,2
4050,2
4051,2
4052,2
4053,14
4054,2
4055,2
4056,2
4057,2
4058,2
4059,2
4060,2
4061,2
4062,2
4063,2
4064,2
4065,2
4066,2
4067,2
4068,2
4069,2
4070,2
4071,2
4072,2
4073,2
4074,2
4075,2
4076,2
4077,2
4078,2
4079,2
4080,2
4081,2
4082,2
4083,2
4084,2
4085,2
4086,2
4087,2
4088,2
4089,2
4090,2
4091,2
4092,2
4093,2
4094,2
4095,2
4096,2
4097,2
4098,2
4099,2
4100,2
4101,2
4102,2
4103,2
4104,2
4105,2
4106,2
4107,2
4108,2
4109,2
4110,2
4111,2
4112,2
4113,2
4114,2
4115,2
4116,2
4117,2
4118,2
4119,2
4120,2
4121,2
4122,2
4123,2
4124,2
4125,2
4126,2
4127,2
4128,14
4129,2
4130,2
4131,2
4132,2
4133,2
4134,2
4135,2
4136,2
4137,2
4138,2
4139,2
4140,2
4141,2
4142,2
4143,2
4144,2
4145,2
4146,2
4147,2
4148,2
4149,2
4150,2
4151,2
4152,2
4153,2
4154,2
4155,2
4156,2
4157,2
4158,2
4159,2
4160,2
4161,2
4162,2
4163,2
4164,2
4165,2
4166,2
4167,2
4168,2
4169,2
4170,2
4171,2
4172,2
4173,2
4174,2
4175,2
4176,2
4177,2
4178,2
4179,2
4180,2
4181,2
4182,2
4183,2
4184,2
4185,2
4186,2
4187,2
4188,2
4189,2
4190,2
4191,2
4192,2
4193,2
4194,2
4195,2
4196,2
4197,2
4198,2
4199,2
4200,2
4201,2
4202,2
4203,2
4204,2
4205,2
4206,2
4207,2
4208,2
4209,2
4210,2
4211,2
4212,2
4213,2
4214,2
4215,2
4216,2
4217,2
4218,2
4219,2
4220,2
4221,2
4222,2
4223,2
4224,2
4225,2
4226,2
4227,2
4228,2
4229,2
4230,2
4231,2
4232,2
4233,2
4234,2
4235,2
4236,2
4237,2
4238,2
4239,2
4240,2
4241,2
4242,2
4243,2
4244,2
4245,2
4246,2
4247,2
4248,2
4249,2
4250,2
4251,2
4252,2
4253,14
4254,14
4255,2
4256,2
4257,2
4258,2
4259,2
4260,2
4261,2
4262,2
4263,2
4264,2
4265,2
4266,2
4267,2
4268,2
4269,2
4270,2
4271,2
4272,2
4273,2
4274,2
4275,2
4276,2
4277,2
4278,2
4279,2
4280,2
4281,2
4282,2
4283,2
4284,2
4285,2
4286,2
4287,2
4288,2
4289,2
4290,2
4291,2
4292,2
4293,2
4294,2
4295,2
4296,2
4297,2
4298,2
4299,2
4300,5
4301,5
4302,5
4303,5
4304,5
4305,5
4306,5
4307,5
4308,5
4309,5
4310,5
4311,5
4312,5
4313,5
4314,5
4315,5
4316,5
4317,5
4318,5
4319,5
4320,5
4321,5
4322,5
4323,5
4324,5
4325,5
4326,5
4327,5
4328,5
4329,5
4330,5
4331,5
4332,5
4333,5
4334,5
4335,5
4336,5
4337,5
4338,5
4339,5
4340,5
4341,5
4342,5
4343,5
4344,5
4345,5
4346,5
4347,5
4348,5
4349,5
4350,5
4351,5
4352,5
4353,5
4354,5
4355,5
4356,5
4357,5
4358,5
4359,12
4360,5
4361,5
4362,5
4363,5
4364,5
4365,8
4366,5
4367,5
4368,5
4369,5
4370,5
4371,5
4372,5
4373,5
4374,5
4375,12
4376,5
4377,5
4378,5
4379,5
4380,5
4381,5
4382,5
4383,5
4384,5
4385,5
4386,5
4387,5
4388,5
4389,5
4390,5
4391,5
4392,5
4393,5
4394,5
4395,5
4396,5
4397,5
4398,5
4399,5
4400,5
4401,5
4402,5
4403,5
4404,5
4405,5
4406,5
4407,5
4408,5
4409,5
4410,5
4411,5
4412,5
4413,5
4414,5
4415,5
4416,5
4417,5
4418,5
4419,5
4420,5
4421,5
4422,5
4423,5
4424,5
4425,5
4426,5
4427,5
4428,5
4429,12
4430,5
4431,5
4432,5
4433,5
4434,5
4435,5
4436,5
4437,5
4438,12
4439,5
4440,5
4441,5
4442,5
4443,5
4444,5
4445,5
4446,12
4447,5
4448,5
4449,5
4450,5
4451,5
4452,5
4453,5
4454,5
4455,5
4456,5
4457,5
4458,5
4459,5
4460,5
4461,5
4462,5
4463,5
4464,5
4465,5
4466,5
4467,8
4468,5
4469,5
4470,5
4471,5
4472,5
4473,5
4474,5
4475,5
4476,5
4477,5
4478,5
4479,5
4480,5
4481,5
4482,5
4483,5
4484,12
4485,5
4486,12
4487,5
4488,5
4489,5
4490,5
4491,5
4492,5
4493,5
4494,5
4495,5
4496,5
4497,5
4498,5
4499,5
4500,5
4501,5
4502,5
4503,5
4504,5
4505,5
4506,5
4507,5
4508,12
4509,5
4510,5
4511,5
4512,5
4513,5
4514,12
4515,5
4516,5
4517,5
4518,5
4519,5
4520,5
4521,5
4522,5
4523,5
4524,5
4525,5
4526,5
4527,5
4528,5
4529,5
4530,5
4531,5
4532,5
4533,5
4534,5
4535,5
4536,5
4537,5
4538,5
4539,5
4540,5
4541,5
4542,5
4543,5
4544,5
4545,5
4546,5
4547,5
4548,5
4549,5
4550,5
4551,5
4552,5
4553,5
4554,5
4555,5
4556,5
4557,5
4558,5
4559,5
4560,5
4561,5
4562,5
4563,5
4564,5
4565,5
4566,5
4567,5
4568,5
4569,5
4570,12
4571,5
4572,5
4573,5
4574,5
4575,5
4576,5
4577,5
4578,5
4579,5
4580,5
4581,5
4582,12
4583,5
4584,5
4585,5
4586,5
4587,5
4588,5
4589,5
4590,5
4591,5
4592,5
4593,5
4594,5
4595,5
4596,5
4597,5
4598,5
4599,5
4600,5
4601,5
4602,5
4603,5
4604,5
4605,5
4606,5
4607,5
4608,5
4609,5
4610,5
4611,5
4612,5
4613,5
4614,5
4615,5
4616,5
4617,5
4618,5
4619,5
4620,5
4621,5
4622,5
4623,5
4624,5
4625,12
4626,5
4627,5
4628,5
4629,5
4630,5
4631,5
4632,5
4633,5
4634,5
4635,5
4636,5
4637,5
4638,5
4639,5
4640,5
4641,5
4642,12
4643,5
4644,5
4645,5
4646,5
4647,12
4648,5
4649,5
4650,0
4651,0
4652,0
4653,0
4654,0
4655,0
4656,0
4657,0
4658,0
4659,0
4660,4
4661,0
4662,0
4663,0
4664,0
4665,0
4666,0
4667,0
4668,0
4669,0
4670,0
4671,0
4672,0
4673,0
4674,0
4675,0
4676,0
4677,0
4678,0
4679,0
4680,0
4681,0
4682,0
4683,0
4684,0
4685,0
4686,0
4687,0
4688,0
4689,0
4690,0
4691,4
4692,0
4693,0
4694,0
4695,0
4696,0
4697,4
4698,0
4699,0
4700,0
4701,0
4702,0
4703,0
4704,0
4705,0
4706,0
4707,0
4708,6
4709,0
4710,0
4711,0
4712,0
4713,6
4714,0
4715,0
4716,0
4717,0
4718,0
4719,0
4720,0
4721,0
4722,0
4723,0
4724,0
4725,0
4726,0
4727,6
4728,0
4729,0
4730,0
4731,0
4732,4
4733,0
4734,0
4735,0
4736,0
4737,0
4738,0
4739,0
4740,0
4741,0
4742,0
4743,6
4744,0
4745,0
4746,0
4747,4
4748,0
4749,0
4750,0
4751,0
4752,0
4753,0
4754,0
4755,0
4756,0
4757,0
4758,6
4759,0
4760,0
4761,0
4762,0
4763,0
4764,0
4765,0
4766,0
4767,0
4768,0
4769,0
4770,0
4771,0
4772,0
4773,0
4774,0
4775,0
4776,0
4777,0
4778,0
4779,0
4780,0
4781,0
4782,0
4783,0
4784,0
4785,0
4786,0
4787,6
4788,0
4789,0
4790,0
4791,0
4792,6
4793,0
4794,0
4795,0
4796,0
4797,0
4798,0
4799,0
4800,0
4801,0
4802,0
4803,0
4804,0
4805,4
4806,0
4807,0
4808,4
4809,0
4810,0
4811,0
4812,0
4813,0
4814,0
4815,0
4816,0
4817,0
4818,0
4819,0
4820,0
4821,0
4822,0
4823,4
4824,0
4825,0
4826,0
4827,0
4828,6
4829,4
4830,0
4831,0
4832,0
4833,0
4834,0
4835,0
4836,0
4837,0
4838,0
4839,0
4840,0
4841,0
4842,0
4843,0
4844,0
4845,0
4846,0
4847,0
4848,6
4849,0
4850,0
4851,0
4852,0
4853,0
4854,0
4855,0
4856,0
4857,0
4858,0
4859,0
4860,0
4861,0
4862,0
4863,0
4864,0
4865,0
4866,0
4867,0
4868,0
4869,0
4870,0
4871,0
4872,0
4873,0
4874,0
4875,0
4876,6
4877,0
4878,0
4879,0
4880,0
4881,4
4882,0
4883,0
4884,0
4885,0
4886,0
4887,0
4888,0
4889,0
4890,0
4891,0
4892,0
4893,0
4894,0
4895,0
4896,0
4897,6
4898,0
4899,6
4900,0
4901,0
4902,0
4903,0
4904,0
4905,0
4906,0
4907,0
4908,0
4909,0
4910,0
4911,0
4912,0
4913,0
4914,0
4915,0
4916,0
4917,0
4918,0
4919,0
4920,0
4921,0
4922,0
4923,0
4924,0
4925,0
4926,0
4927,0
4928,0
4929,0
4930,0
4931,0
4932,0
4933,0
4934,0
4935,0
4936,0
4937,0
4938,0
4939,0
4940,0
4941,4
4942,0
4943,0
4944,0
4945,0
4946,0
4947,0
4948,0
4949,0
4950,0
4951,0
4952,0
4953,0
4954,0
4955,0
4956,0
4957,0
4958,4
4959,0
4960,0
4961,0
4962,0
4963,0
4964,0
4965,6
4966,0
4967,0
4968,0
4969,0
4970,6
4971,0
4972,0
4973,0
4974,0
4975,0
4976,4
4977,0
4978,0
4979,0
4980,0
4981,0
4982,0
4983,0
4984,0
4985,0
4986,0
4987,0
4988,0
4989,0
4990,0
4991,6
4992,0
4993,0
4994,0
4995,0
4996,0
4997,0
4998,0
4999,0
