Id,ClusterId
0,6
1,6
2,6
3,6
4,6
5,6
6,6
7,6
8,6
9,6
10,6
11,6
12,6
13,6
14,6
15,6
16,6
17,6
18,6
19,6
20,6
21,6
22,6
23,6
24,6
25,6
26,6
27,6
28,6
29,6
30,6
31,6
32,6
33,6
34,6
35,6
36,6
37,6
38,6
39,6
40,6
41,6
42,6
43,6
44,6
45,6
46,6
47,6
48,6
49,6
50,6
51,6
52,6
53,6
54,6
55,6
56,6
57,6
58,6
59,6
60,6
61,6
62,6
63,6
64,6
65,6
66,6
67,6
68,6
69,6
70,6
71,6
72,6
73,6
74,6
75,6
76,6
77,12
78,6
79,6
80,6
81,6
82,6
83,6
84,6
85,6
86,6
87,6
88,6
89,6
90,6
91,6
92,6
93,6
94,6
95,11
96,6
97,6
98,6
99,6
100,6
101,6
102,6
103,6
104,6
105,6
106,6
107,6
108,6
109,6
110,6
111,6
112,6
113,6
114,6
115,6
116,6
117,6
118,6
119,6
120,6
121,6
122,6
123,6
124,6
125,6
126,6
127,6
128,6
129,6
130,6
131,6
132,6
133,6
134,6
135,6
136,6
137,6
138,6
139,6
140,6
141,6
142,6
143,6
144,6
145,6
146,6
147,6
148,6
149,6
150,6
151,6
152,6
153,6
154,6
155,6
156,6
157,6
158,6
159,6
160,6
161,6
162,6
163,6
164,6
165,6
166,6
167,6
168,6
169,6
170,6
171,6
172,12
173,5
174,6
175,6
176,6
177,6
178,6
179,6
180,6
181,6
182,6
183,6
184,6
185,6
186,6
187,6
188,6
189,6
190,6
191,6
192,6
193,6
194,6
195,6
196,6
197,6
198,6
199,6
200,6
201,6
202,6
203,6
204,6
205,6
206,6
207,6
208,6
209,6
210,6
211,6
212,6
213,6
214,6
215,6
216,6
217,6
218,6
219,6
220,6
221,6
222,6
223,6
224,6
225,6
226,6
227,6
228,6
229,6
230,6
231,6
232,6
233,6
234,6
235,6
236,6
237,6
238,6
239,6
240,6
241,6
242,6
243,6
244,6
245,6
246,6
247,6
248,6
249,6
250,6
251,6
252,6
253,6
254,6
255,6
256,6
257,6
258,6
259,6
260,6
261,6
262,6
263,6
264,6
265,6
266,6
267,6
268,6
269,6
270,6
271,6
272,6
273,6
274,6
275,6
276,6
277,11
278,6
279,6
280,6
281,11
282,6
283,6
284,6
285,6
286,6
287,6
288,6
289,6
290,6
291,6
292,6
293,6
294,6
295,6
296,6
297,6
298,6
299,6
300,3
301,3
302,3
303,3
304,3
305,10
306,3
307,13
308,3
309,3
310,3
311,3
312,3
313,3
314,3
315,3
316,3
317,3
318,3
319,7
320,3
321,3
322,3
323,3
324,13
325,3
326,3
327,3
328,3
329,3
330,3
331,3
332,3
333,3
334,3
335,3
336,3
337,3
338,3
339,3
340,3
341,3
342,3
343,3
344,3
345,3
346,3
347,10
348,3
349,3
350,3
351,10
352,3
353,3
354,3
355,3
356,3
357,3
358,3
359,3
360,3
361,3
362,3
363,3
364,3
365,3
366,3
367,3
368,3
369,3
370,3
371,3
372,10
373,3
374,3
375,3
376,3
377,3
378,3
379,3
380,3
381,3
382,3
383,3
384,3
385,3
386,3
387,3
388,3
389,3
390,3
391,3
392,3
393,3
394,3
395,3
396,3
397,3
398,3
399,3
400,3
401,3
402,10
403,3
404,3
405,3
406,3
407,3
408,13
409,3
410,3
411,3
412,3
413,3
414,3
415,3
416,3
417,3
418,3
419,3
420,3
421,3
422,3
423,3
424,3
425,3
426,3
427,3
428,3
429,3
430,3
431,10
432,10
433,3
434,3
435,3
436,3
437,3
438,3
439,3
440,3
441,3
442,3
443,3
444,7
445,3
446,10
447,10
448,3
449,3
450,3
451,3
452,3
453,3
454,3
455,3
456,3
457,3
458,3
459,3
460,3
461,3
462,3
463,3
464,3
465,3
466,3
467,3
468,3
469,3
470,3
471,3
472,3
473,3
474,3
475,3
476,3
477,3
478,3
479,3
480,3
481,3
482,3
483,3
484,3
485,10
486,10
487,3
488,3
489,10
490,3
491,3
492,3
493,3
494,3
495,3
496,3
497,3
498,3
499,3
500,3
501,3
502,3
503,3
504,3
505,3
506,10
507,3
508,3
509,3
510,3
511,3
512,3
513,3
514,13
515,3
516,3
517,3
518,3
519,3
520,3
521,3
522,3
523,3
524,3
525,3
526,3
527,3
528,3
529,3
530,3
531,3
532,3
533,3
534,3
535,3
536,3
537,3
538,3
539,10
540,3
541,3
542,3
543,3
544,3
545,3
546,3
547,3
548,3
549,3
550,3
551,3
552,3
553,3
554,3
555,3
556,3
557,3
558,3
559,3
560,3
561,3
562,3
563,3
564,3
565,3
566,3
567,3
568,3
569,3
570,3
571,3
572,3
573,10
574,3
575,3
576,3
577,10
578,3
579,3
580,3
581,3
582,3
583,3
584,3
585,3
586,3
587,3
588,3
589,3
590,3
591,3
592,3
593,3
594,3
595,3
596,3
597,3
598,10
599,3
600,3
601,3
602,3
603,3
604,3
605,3
606,3
607,3
608,3
609,3
610,3
611,3
612,3
613,3
614,3
615,3
616,3
617,0
618,0
619,0
620,0
621,0
622,0
623,0
624,0
625,0
626,0
627,0
628,0
629,0
630,0
631,0
632,0
633,0
634,0
635,0
636,0
637,0
638,0
639,0
640,0
641,0
642,0
643,0
644,0
645,0
646,0
647,0
648,0
649,0
650,0
651,0
652,0
653,0
654,0
655,0
656,0
657,0
658,0
659,0
660,0
661,0
662,0
663,0
664,0
665,0
666,0
667,0
668,0
669,0
670,0
671,0
672,0
673,0
674,0
675,0
676,0
677,0
678,0
679,0
680,0
681,0
682,0
683,0
684,0
685,0
686,0
687,4
688,0
689,0
690,0
691,0
692,0
693,0
694,0
695,0
696,0
697,0
698,0
699,0
700,0
701,0
702,0
703,0
704,0
705,0
706,0
707,0
708,0
709,0
710,0
711,0
712,0
713,0
714,0
715,0
716,0
717,0
718,0
719,0
720,0
721,0
722,0
723,0
724,0
725,0
726,0
727,0
728,0
729,0
730,0
731,0
732,0
733,0
734,0
735,0
736,0
737,0
738,0
739,0
740,0
741,0
742,0
743,0
744,0
745,0
746,0
747,0
748,0
749,0
750,0
751,0
752,0
753,0
754,0
755,0
756,0
757,0
758,0
759,0
760,0
761,0
762,0
763,0
764,0
765,0
766,0
767,0
768,0
769,0
770,0
771,0
772,0
773,0
774,0
775,0
776,0
777,0
778,0
779,0
780,0
781,0
782,0
783,0
784,0
785,0
786,0
787,0
788,0
789,0
790,0
791,0
792,0
793,0
794,0
795,0
796,0
797,0
798,0
799,0
800,0
801,0
802,0
803,0
804,0
805,0
806,0
807,0
808,0
809,0
810,0
811,0
812,0
813,0
814,0
815,0
816,0
817,0
818,0
819,0
820,0
821,0
822,0
823,0
824,0
825,0
826,0
827,0
828,0
829,0
830,0
831,0
832,0
833,0
834,0
835,0
836,0
837,0
838,0
839,0
840,0
841,0
842,0
843,0
844,0
845,0
846,0
847,0
848,0
849,0
850,0
851,0
852,0
853,0
854,0
855,0
856,0
857,0
858,0
859,0
860,0
861,0
862,0
863,0
864,0
865,0
866,0
867,0
868,0
869,0
870,0
871,0
872,0
873,0
874,0
875,0
876,0
877,0
878,0
879,0
880,0
881,0
882,0
883,0
884,0
885,0
886,0
887,0
888,0
889,0
890,0
891,0
892,0
893,0
894,8
895,0
896,0
897,0
898,0
899,0
900,0
901,0
902,0
903,0
904,0
905,0
906,0
907,0
908,0
909,0
910,0
911,0
912,0
913,0
914,0
915,0
916,0
917,0
918,0
919,0
920,0
921,0
922,0
923,0
924,0
925,0
926,0
927,0
928,0
929,0
930,0
931,0
932,13
933,13
934,13
935,13
936,13
937,13
938,13
939,13
940,13
941,13
942,13
943,13
944,3
945,13
946,13
947,13
948,13
949,13
950,13
951,13
952,13
953,13
954,13
955,13
956,13
957,13
958,4
959,13
960,13
961,13
962,13
963,13
964,13
965,13
966,13
967,13
968,13
969,13
970,13
971,13
972,13
973,13
974,13
975,13
976,13
977,13
978,13
979,13
980,13
981,13
982,13
983,13
984,13
985,13
986,9
987,13
988,13
989,13
990,13
991,13
992,13
993,13
994,13
995,13
996,13
997,3
998,13
999,13
1000,13
1001,13
1002,13
1003,13
1004,13
1005,13
1006,13
1007,13
1008,13
1009,13
1010,13
1011,11
1012,13
1013,13
1014,13
1015,11
1016,13
1017,13
1018,3
1019,13
1020,13
1021,11
1022,13
1023,13
1024,13
1025,13
1026,13
1027,13
1028,13
1029,13
1030,9
1031,13
1032,13
1033,13
1034,13
1035,13
1036,13
1037,13
1038,13
1039,13
1040,13
1041,11
1042,13
1043,13
1044,13
1045,13
1046,13
1047,13
1048,13
1049,13
1050,13
1051,9
1052,13
1053,13
1054,3
1055,13
1056,13
1057,13
1058,4
1059,13
1060,13
1061,13
1062,13
1063,13
1064,13
1065,13
1066,13
1067,13
1068,13
1069,11
1070,13
1071,13
1072,13
1073,13
1074,13
1075,13
1076,13
1077,13
1078,13
1079,13
1080,3
1081,13
1082,13
1083,13
1084,13
1085,13
1086,13
1087,13
1088,13
1089,13
1090,13
1091,13
1092,13
1093,13
1094,13
1095,13
1096,13
1097,13
1098,13
1099,13
1100,13
1101,13
1102,13
1103,13
1104,13
1105,13
1106,13
1107,13
1108,13
1109,13
1110,13
1111,13
1112,4
1113,13
1114,13
1115,9
1116,13
1117,13
1118,13
1119,13
1120,13
1121,13
1122,13
1123,13
1124,13
1125,13
1126,13
1127,9
1128,13
1129,13
1130,13
1131,13
1132,13
1133,13
1134,13
1135,13
1136,13
1137,13
1138,13
1139,13
1140,13
1141,13
1142,13
1143,13
1144,13
1145,13
1146,13
1147,13
1148,13
1149,13
1150,4
1151,13
1152,13
1153,13
1154,13
1155,13
1156,13
1157,13
1158,13
1159,13
1160,13
1161,13
1162,13
1163,13
1164,13
1165,13
1166,13
1167,13
1168,13
1169,13
1170,13
1171,13
1172,13
1173,13
1174,13
1175,13
1176,13
1177,13
1178,13
1179,13
1180,13
1181,13
1182,13
1183,13
1184,13
1185,13
1186,13
1187,13
1188,13
1189,13
1190,13
1191,13
1192,13
1193,13
1194,13
1195,13
1196,13
1197,13
1198,13
1199,13
1200,13
1201,13
1202,4
1203,13
1204,13
1205,13
1206,13
1207,13
1208,13
1209,4
1210,4
1211,13
1212,13
1213,13
1214,13
1215,13
1216,13
1217,13
1218,13
1219,13
1220,13
1221,13
1222,13
1223,13
1224,13
1225,13
1226,13
1227,13
1228,13
1229,4
1230,13
1231,13
1232,13
1233,13
1234,13
1235,13
1236,13
1237,13
1238,13
1239,13
1240,13
1241,13
1242,13
1243,13
1244,13
1245,13
1246,13
1247,13
1248,13
1249,13
1250,13
1251,13
1252,1
1253,1
1254,1
1255,1
1256,1
1257,1
1258,1
1259,1
1260,1
1261,1
1262,1
1263,1
1264,1
1265,1
1266,1
1267,1
1268,1
1269,1
1270,1
1271,1
1272,1
1273,1
1274,1
1275,1
1276,1
1277,1
1278,1
1279,1
1280,1
1281,1
1282,1
1283,1
1284,1
1285,1
1286,1
1287,1
1288,1
1289,1
1290,1
1291,1
1292,1
1293,1
1294,1
1295,1
1296,1
1297,1
1298,1
1299,1
1300,1
1301,1
1302,1
1303,1
1304,1
1305,1
1306,1
1307,1
1308,1
1309,1
1310,1
1311,1
1312,1
1313,1
1314,1
1315,1
1316,1
1317,1
1318,1
1319,1
1320,1
1321,1
1322,1
1323,1
1324,10
1325,1
1326,1
1327,1
1328,1
1329,1
1330,1
1331,1
1332,1
1333,1
1334,1
1335,1
1336,1
1337,1
1338,1
1339,1
1340,1
1341,1
1342,1
1343,1
1344,1
1345,1
1346,1
1347,1
1348,1
1349,1
1350,1
1351,1
1352,1
1353,1
1354,1
1355,1
1356,1
1357,1
1358,1
1359,1
1360,1
1361,1
1362,1
1363,1
1364,1
1365,1
1366,1
1367,1
1368,1
1369,1
1370,1
1371,1
1372,1
1373,1
1374,1
1375,1
1376,1
1377,1
1378,1
1379,1
1380,1
1381,1
1382,1
1383,1
1384,1
1385,1
1386,1
1387,1
1388,1
1389,1
1390,1
1391,1
1392,1
1393,1
1394,1
1395,1
1396,1
1397,1
1398,1
1399,1
1400,1
1401,1
1402,1
1403,1
1404,1
1405,1
1406,1
1407,1
1408,1
1409,1
1410,1
1411,1
1412,1
1413,1
1414,1
1415,1
1416,1
1417,1
1418,1
1419,1
1420,1
1421,1
1422,1
1423,1
1424,1
1425,1
1426,1
1427,1
1428,1
1429,1
1430,1
1431,1
1432,1
1433,1
1434,1
1435,1
1436,1
1437,1
1438,1
1439,1
1440,1
1441,1
1442,1
1443,1
1444,1
1445,1
1446,1
1447,1
1448,1
1449,1
1450,1
1451,1
1452,1
1453,1
1454,1
1455,1
1456,1
1457,1
1458,1
1459,1
1460,1
1461,1
1462,1
1463,1
1464,1
1465,1
1466,1
1467,1
1468,1
1469,1
1470,1
1471,1
1472,1
1473,1
1474,1
1475,1
1476,1
1477,1
1478,1
1479,1
1480,1
1481,1
1482,1
1483,1
1484,1
1485,1
1486,1
1487,1
1488,1
1489,1
1490,1
1491,1
1492,1
1493,1
1494,1
1495,1
1496,1
1497,1
1498,1
1499,1
1500,1
1501,1
1502,1
1503,1
1504,1
1505,1
1506,1
1507,10
1508,1
1509,10
1510,1
1511,1
1512,1
1513,1
1514,1
1515,1
1516,1
1517,1
1518,1
1519,1
1520,1
1521,1
1522,1
1523,1
1524,1
1525,1
1526,1
1527,1
1528,1
1529,1
1530,1
1531,1
1532,1
1533,1
1534,1
1535,1
1536,1
1537,1
1538,1
1539,1
1540,1
1541,1
1542,1
1543,1
1544,1
1545,1
1546,1
1547,1
1548,1
1549,1
1550,1
1551,1
1552,1
1553,1
1554,1
1555,1
1556,1
1557,1
1558,1
1559,1
1560,10
1561,1
1562,1
1563,1
1564,1
1565,1
1566,1
1567,1
1568,1
1569,1
1570,1
1571,1
1572,1
1573,4
1574,4
1575,4
1576,4
1577,4
1578,4
1579,4
1580,4
1581,4
1582,4
1583,4
1584,4
1585,4
1586,4
1587,4
1588,4
1589,4
1590,4
1591,4
1592,4
1593,4
1594,4
1595,4
1596,4
1597,4
1598,4
1599,4
1600,4
1601,4
1602,4
1603,4
1604,4
1605,4
1606,4
1607,4
1608,4
1609,4
1610,4
1611,4
1612,4
1613,4
1614,4
1615,4
1616,4
1617,4
1618,4
1619,4
1620,4
1621,4
1622,4
1623,4
1624,4
1625,4
1626,4
1627,4
1628,4
1629,4
1630,4
1631,4
1632,4
1633,4
1634,4
1635,4
1636,4
1637,4
1638,4
1639,4
1640,4
1641,4
1642,4
1643,4
1644,4
1645,4
1646,4
1647,4
1648,4
1649,4
1650,4
1651,4
1652,4
1653,4
1654,13
1655,4
1656,4
1657,4
1658,4
1659,4
1660,4
1661,4
1662,4
1663,4
1664,4
1665,4
1666,4
1667,4
1668,4
1669,4
1670,4
1671,4
1672,4
1673,4
1674,4
1675,4
1676,4
1677,4
1678,4
1679,4
1680,4
1681,4
1682,13
1683,4
1684,4
1685,4
1686,4
1687,4
1688,4
1689,4
1690,4
1691,4
1692,4
1693,4
1694,4
1695,4
1696,4
1697,4
1698,4
1699,4
1700,4
1701,4
1702,4
1703,4
1704,4
1705,4
1706,4
1707,4
1708,4
1709,4
1710,4
1711,4
1712,4
1713,4
1714,13
1715,13
1716,4
1717,4
1718,4
1719,4
1720,4
1721,4
1722,4
1723,4
1724,4
1725,4
1726,4
1727,4
1728,4
1729,4
1730,4
1731,4
1732,4
1733,4
1734,4
1735,4
1736,4
1737,4
1738,4
1739,4
1740,4
1741,4
1742,4
1743,4
1744,4
1745,4
1746,4
1747,4
1748,4
1749,4
1750,4
1751,4
1752,4
1753,4
1754,4
1755,4
1756,4
1757,4
1758,4
1759,4
1760,4
1761,4
1762,4
1763,4
1764,4
1765,4
1766,4
1767,4
1768,4
1769,4
1770,4
1771,4
1772,4
1773,4
1774,4
1775,4
1776,4
1777,4
1778,4
1779,4
1780,4
1781,4
1782,4
1783,4
1784,4
1785,4
1786,4
1787,4
1788,4
1789,4
1790,4
1791,4
1792,4
1793,4
1794,4
1795,4
1796,4
1797,4
1798,4
1799,4
1800,4
1801,4
1802,4
1803,4
1804,4
1805,4
1806,4
1807,4
1808,4
1809,4
1810,4
1811,4
1812,4
1813,4
1814,4
1815,4
1816,4
1817,4
1818,4
1819,4
1820,4
1821,4
1822,4
1823,4
1824,4
1825,4
1826,4
1827,4
1828,4
1829,4
1830,4
1831,4
1832,4
1833,4
1834,4
1835,4
1836,4
1837,4
1838,4
1839,4
1840,4
1841,4
1842,4
1843,4
1844,4
1845,4
1846,4
1847,4
1848,4
1849,4
1850,4
1851,4
1852,4
1853,4
1854,4
1855,4
1856,4
1857,4
1858,4
1859,4
1860,13
1861,4
1862,4
1863,4
1864,4
1865,4
1866,4
1867,4
1868,4
1869,4
1870,4
1871,4
1872,4
1873,4
1874,4
1875,4
1876,4
1877,4
1878,4
1879,4
1880,4
1881,4
1882,4
1883,4
1884,4
1885,4
1886,4
1887,4
1888,4
1889,4
1890,4
1891,4
1892,4
1893,4
1894,4
1895,4
1896,4
1897,4
1898,4
1899,4
1900,4
1901,4
1902,11
1903,11
1904,11
1905,11
1906,11
1907,11
1908,11
1909,11
1910,11
1911,11
1912,11
1913,11
1914,11
1915,11
1916,11
1917,11
1918,11
1919,11
1920,11
1921,11
1922,11
1923,11
1924,11
1925,11
1926,11
1927,11
1928,11
1929,11
1930,11
1931,11
1932,11
1933,11
1934,11
1935,11
1936,11
1937,11
1938,11
1939,11
1940,11
1941,11
1942,11
1943,11
1944,11
1945,11
1946,11
1947,11
1948,11
1949,11
1950,11
1951,11
1952,11
1953,11
1954,11
1955,11
1956,11
1957,11
1958,11
1959,11
1960,11
1961,11
1962,11
1963,11
1964,11
1965,11
1966,11
1967,11
1968,11
1969,11
1970,11
1971,11
1972,11
1973,11
1974,11
1975,11
1976,11
1977,11
1978,11
1979,11
1980,11
1981,11
1982,11
1983,11
1984,11
1985,11
1986,11
1987,11
1988,11
1989,11
1990,11
1991,11
1992,11
1993,11
1994,11
1995,11
1996,11
1997,11
1998,11
1999,11
2000,11
2001,11
2002,11
2003,11
2004,11
2005,11
2006,11
2007,11
2008,11
2009,11
2010,11
2011,11
2012,11
2013,11
2014,11
2015,11
2016,11
2017,11
2018,11
2019,11
2020,11
2021,11
2022,11
2023,11
2024,11
2025,11
2026,11
2027,11
2028,11
2029,11
2030,11
2031,11
2032,11
2033,11
2034,11
2035,11
2036,11
2037,11
2038,11
2039,6
2040,11
2041,11
2042,11
2043,11
2044,11
2045,11
2046,11
2047,11
2048,11
2049,11
2050,11
2051,11
2052,11
2053,11
2054,11
2055,11
2056,11
2057,11
2058,11
2059,11
2060,11
2061,11
2062,11
2063,11
2064,11
2065,11
2066,11
2067,11
2068,11
2069,11
2070,11
2071,6
2072,11
2073,11
2074,11
2075,11
2076,11
2077,11
2078,11
2079,11
2080,11
2081,11
2082,11
2083,11
2084,11
2085,11
2086,11
2087,11
2088,11
2089,11
2090,11
2091,11
2092,11
2093,11
2094,11
2095,11
2096,11
2097,11
2098,11
2099,11
2100,11
2101,11
2102,11
2103,11
2104,11
2105,11
2106,11
2107,6
2108,11
2109,11
2110,11
2111,11
2112,11
2113,11
2114,11
2115,11
2116,11
2117,11
2118,11
2119,11
2120,11
2121,11
2122,11
2123,11
2124,11
2125,11
2126,11
2127,11
2128,11
2129,11
2130,11
2131,11
2132,11
2133,11
2134,11
2135,11
2136,11
2137,11
2138,11
2139,11
2140,11
2141,11
2142,11
2143,11
2144,11
2145,11
2146,11
2147,11
2148,11
2149,11
2150,11
2151,11
2152,11
2153,11
2154,11
2155,11
2156,6
2157,11
2158,11
2159,11
2160,11
2161,11
2162,11
2163,11
2164,11
2165,11
2166,11
2167,11
2168,11
2169,11
2170,11
2171,11
2172,11
2173,11
2174,11
2175,11
2176,11
2177,11
2178,11
2179,11
2180,11
2181,11
2182,11
2183,11
2184,11
2185,11
2186,11
2187,11
2188,11
2189,11
2190,11
2191,11
2192,11
2193,11
2194,11
2195,11
2196,11
2197,11
2198,11
2199,11
2200,11
2201,11
2202,11
2203,11
2204,11
2205,11
2206,11
2207,11
2208,11
2209,11
2210,11
2211,11
2212,11
2213,11
2214,11
2215,11
2216,11
2217,11
2218,11
2219,11
2220,11
2221,11
2222,11
2223,11
2224,11
2225,11
2226,11
2227,11
2228,11
2229,11
2230,11
2231,11
2232,11
2233,11
2234,11
2235,11
2236,5
2237,5
2238,5
2239,5
2240,5
2241,5
2242,5
2243,5
2244,5
2245,5
2246,5
2247,5
2248,5
2249,5
2250,5
2251,5
2252,5
2253,5
2254,5
2255,5
2256,5
2257,5
2258,5
2259,5
2260,5
2261,5
2262,5
2263,5
2264,5
2265,5
2266,5
2267,5
2268,5
2269,5
2270,5
2271,5
2272,5
2273,5
2274,5
2275,5
2276,5
2277,5
2278,5
2279,5
2280,5
2281,5
2282,5
2283,5
2284,5
2285,5
2286,5
2287,5
2288,5
2289,5
2290,5
2291,5
2292,5
2293,5
2294,5
2295,5
2296,5
2297,5
2298,5
2299,5
2300,5
2301,5
2302,5
2303,5
2304,5
2305,5
2306,5
2307,5
2308,5
2309,5
2310,5
2311,5
2312,5
2313,5
2314,5
2315,5
2316,5
2317,5
2318,5
2319,5
2320,5
2321,5
2322,5
2323,5
2324,5
2325,5
2326,5
2327,5
2328,5
2329,5
2330,5
2331,5
2332,5
2333,5
2334,5
2335,5
2336,5
2337,5
2338,5
2339,5
2340,5
2341,5
2342,5
2343,5
2344,5
2345,5
2346,5
2347,5
2348,5
2349,5
2350,5
2351,5
2352,5
2353,5
2354,5
2355,5
2356,5
2357,5
2358,5
2359,5
2360,5
2361,5
2362,5
2363,5
2364,5
2365,5
2366,5
2367,5
2368,5
2369,5
2370,5
2371,5
2372,5
2373,5
2374,5
2375,5
2376,5
2377,5
2378,5
2379,5
2380,5
2381,5
2382,5
2383,5
2384,5
2385,5
2386,5
2387,5
2388,5
2389,5
2390,5
2391,5
2392,5
2393,5
2394,5
2395,5
2396,5
2397,5
2398,5
2399,5
2400,5
2401,5
2402,5
2403,5
2404,5
2405,5
2406,5
2407,5
2408,5
2409,5
2410,5
2411,5
2412,5
2413,5
2414,5
2415,5
2416,5
2417,5
2418,5
2419,5
2420,5
2421,5
2422,5
2423,5
2424,5
2425,5
2426,5
2427,5
2428,5
2429,5
2430,5
2431,5
2432,5
2433,5
2434,5
2435,5
2436,5
2437,5
2438,5
2439,5
2440,5
2441,12
2442,5
2443,5
2444,5
2445,5
2446,5
2447,5
2448,5
2449,5
2450,5
2451,5
2452,5
2453,5
2454,5
2455,5
2456,5
2457,5
2458,5
2459,5
2460,5
2461,5
2462,5
2463,5
2464,5
2465,5
2466,5
2467,5
2468,5
2469,5
2470,5
2471,5
2472,5
2473,5
2474,5
2475,5
2476,5
2477,5
2478,5
2479,5
2480,5
2481,5
2482,5
2483,5
2484,5
2485,5
2486,5
2487,5
2488,5
2489,5
2490,5
2491,5
2492,5
2493,5
2494,5
2495,5
2496,5
2497,5
2498,5
2499,5
2500,5
2501,5
2502,5
2503,5
2504,5
2505,5
2506,5
2507,5
2508,5
2509,5
2510,5
2511,5
2512,5
2513,5
2514,5
2515,5
2516,5
2517,5
2518,5
2519,5
2520,5
2521,5
2522,5
2523,5
2524,5
2525,5
2526,5
2527,5
2528,5
2529,5
2530,5
2531,5
2532,5
2533,5
2534,5
2535,5
2536,5
2537,5
2538,5
2539,5
2540,5
2541,5
2542,5
2543,5
2544,5
2545,5
2546,5
2547,5
2548,5
2549,5
2550,5
2551,5
2552,5
2553,5
2554,5
2555,5
2556,5
2557,5
2558,5
2559,5
2560,5
2561,5
2562,5
2563,5
2564,5
2565,5
2566,5
2567,5
2568,5
2569,12
2570,12
2571,12
2572,12
2573,12
2574,12
2575,12
2576,12
2577,12
2578,12
2579,12
2580,12
2581,12
2582,12
2583,12
2584,12
2585,12
2586,12
2587,12
2588,12
2589,12
2590,12
2591,12
2592,12
2593,12
2594,12
2595,12
2596,12
2597,12
2598,12
2599,5
2600,12
2601,12
2602,12
2603,12
2604,12
2605,12
2606,12
2607,12
2608,12
2609,12
2610,12
2611,12
2612,12
2613,12
2614,12
2615,12
2616,12
2617,5
2618,5
2619,12
2620,12
2621,12
2622,12
2623,12
2624,12
2625,12
2626,12
2627,12
2628,12
2629,12
2630,12
2631,12
2632,12
2633,12
2634,12
2635,12
2636,12
2637,12
2638,12
2639,12
2640,12
2641,12
2642,12
2643,12
2644,12
2645,12
2646,12
2647,12
2648,12
2649,12
2650,12
2651,12
2652,12
2653,12
2654,12
2655,12
2656,12
2657,12
2658,12
2659,12
2660,12
2661,12
2662,12
2663,12
2664,12
2665,12
2666,12
2667,12
2668,12
2669,12
2670,12
2671,12
2672,12
2673,12
2674,12
2675,12
2676,12
2677,12
2678,12
2679,12
2680,12
2681,12
2682,12
2683,12
2684,12
2685,12
2686,12
2687,12
2688,12
2689,12
2690,5
2691,12
2692,12
2693,12
2694,12
2695,12
2696,12
2697,12
2698,12
2699,12
2700,12
2701,12
2702,12
2703,12
2704,12
2705,12
2706,12
2707,12
2708,12
2709,12
2710,12
2711,12
2712,12
2713,12
2714,12
2715,12
2716,12
2717,12
2718,12
2719,5
2720,12
2721,12
2722,12
2723,12
2724,12
2725,12
2726,12
2727,12
2728,12
2729,12
2730,12
2731,12
2732,12
2733,12
2734,12
2735,12
2736,12
2737,12
2738,12
2739,12
2740,12
2741,12
2742,12
2743,12
2744,12
2745,12
2746,12
2747,12
2748,12
2749,12
2750,12
2751,12
2752,12
2753,12
2754,12
2755,12
2756,12
2757,12
2758,12
2759,12
2760,12
2761,12
2762,12
2763,12
2764,12
2765,12
2766,12
2767,12
2768,12
2769,12
2770,12
2771,12
2772,12
2773,12
2774,12
2775,12
2776,12
2777,12
2778,12
2779,12
2780,12
2781,12
2782,12
2783,12
2784,12
2785,12
2786,12
2787,12
2788,12
2789,12
2790,12
2791,12
2792,12
2793,12
2794,12
2795,12
2796,12
2797,12
2798,12
2799,12
2800,12
2801,12
2802,12
2803,12
2804,12
2805,12
2806,12
2807,12
2808,12
2809,12
2810,12
2811,12
2812,12
2813,12
2814,12
2815,12
2816,12
2817,12
2818,5
2819,12
2820,12
2821,12
2822,12
2823,12
2824,12
2825,12
2826,12
2827,12
2828,12
2829,12
2830,12
2831,12
2832,12
2833,12
2834,12
2835,12
2836,12
2837,12
2838,12
2839,12
2840,12
2841,12
2842,12
2843,12
2844,12
2845,12
2846,12
2847,12
2848,12
2849,12
2850,12
2851,12
2852,12
2853,12
2854,12
2855,12
2856,12
2857,12
2858,12
2859,12
2860,12
2861,12
2862,12
2863,12
2864,12
2865,12
2866,12
2867,12
2868,12
2869,12
2870,12
2871,12
2872,12
2873,12
2874,12
2875,12
2876,12
2877,12
2878,12
2879,12
2880,12
2881,12
2882,12
2883,12
2884,12
2885,12
2886,12
2887,12
2888,12
2889,12
2890,12
2891,5
2892,12
2893,12
2894,12
2895,12
2896,12
2897,12
2898,12
2899,12
2900,12
2901,12
2902,12
2903,5
2904,12
2905,12
2906,12
2907,12
2908,12
2909,9
2910,9
2911,9
2912,9
2913,9
2914,9
2915,9
2916,9
2917,9
2918,9
2919,9
2920,9
2921,9
2922,14
2923,9
2924,9
2925,9
2926,9
2927,9
2928,9
2929,9
2930,9
2931,9
2932,9
2933,9
2934,9
2935,9
2936,9
2937,9
2938,9
2939,9
2940,9
2941,9
2942,9
2943,9
2944,9
2945,9
2946,9
2947,9
2948,9
2949,9
2950,9
2951,9
2952,9
2953,9
2954,9
2955,9
2956,9
2957,9
2958,9
2959,9
2960,9
2961,9
2962,9
2963,9
2964,9
2965,9
2966,9
2967,9
2968,9
2969,9
2970,9
2971,9
2972,9
2973,9
2974,9
2975,9
2976,9
2977,9
2978,9
2979,9
2980,9
2981,9
2982,9
2983,9
2984,9
2985,9
2986,9
2987,9
2988,9
2989,9
2990,9
2991,9
2992,9
2993,9
2994,9
2995,9
2996,9
2997,9
2998,9
2999,9
3000,9
3001,9
3002,13
3003,9
3004,9
3005,9
3006,9
3007,9
3008,9
3009,9
3010,9
3011,9
3012,9
3013,9
3014,9
3015,9
3016,9
3017,9
3018,9
3019,9
3020,9
3021,9
3022,9
3023,9
3024,9
3025,9
3026,9
3027,9
3028,9
3029,9
3030,9
3031,9
3032,9
3033,9
3034,9
3035,9
3036,9
3037,9
3038,9
3039,9
3040,9
3041,9
3042,9
3043,9
3044,9
3045,9
3046,9
3047,9
3048,9
3049,9
3050,9
3051,13
3052,9
3053,9
3054,9
3055,9
3056,9
3057,9
3058,9
3059,9
3060,9
3061,9
3062,9
3063,9
3064,9
3065,9
3066,9
3067,9
3068,9
3069,9
3070,9
3071,9
3072,9
3073,9
3074,9
3075,9
3076,9
3077,9
3078,14
3079,14
3080,9
3081,9
3082,9
3083,9
3084,9
3085,9
3086,9
3087,9
3088,9
3089,9
3090,9
3091,9
3092,9
3093,9
3094,9
3095,9
3096,9
3097,9
3098,9
3099,9
3100,9
3101,9
3102,9
3103,9
3104,9
3105,9
3106,9
3107,9
3108,9
3109,9
3110,9
3111,9
3112,9
3113,9
3114,9
3115,9
3116,9
3117,9
3118,9
3119,9
3120,9
3121,9
3122,9
3123,9
3124,9
3125,9
3126,9
3127,9
3128,9
3129,9
3130,9
3131,14
3132,9
3133,9
3134,9
3135,9
3136,9
3137,9
3138,9
3139,9
3140,9
3141,9
3142,9
3143,9
3144,3
3145,9
3146,9
3147,9
3148,9
3149,9
3150,9
3151,9
3152,9
3153,9
3154,9
3155,9
3156,9
3157,9
3158,9
3159,9
3160,9
3161,9
3162,9
3163,9
3164,9
3165,13
3166,9
3167,9
3168,9
3169,9
3170,9
3171,9
3172,9
3173,9
3174,9
3175,9
3176,9
3177,9
3178,9
3179,3
3180,9
3181,9
3182,9
3183,9
3184,9
3185,9
3186,9
3187,9
3188,9
3189,9
3190,9
3191,9
3192,9
3193,9
3194,9
3195,9
3196,9
3197,9
3198,9
3199,9
3200,9
3201,9
3202,9
3203,14
3204,9
3205,9
3206,9
3207,9
3208,9
3209,9
3210,9
3211,9
3212,9
3213,9
3214,14
3215,9
3216,9
3217,9
3218,9
3219,9
3220,9
3221,9
3222,9
3223,9
3224,9
3225,9
3226,9
3227,9
3228,9
3229,9
3230,9
3231,9
3232,9
3233,9
3234,9
3235,9
3236,9
3237,9
3238,9
3239,9
3240,9
3241,9
3242,9
3243,9
3244,9
3245,9
3246,9
3247,9
3248,9
3249,9
3250,9
3251,9
3252,9
3253,9
3254,2
3255,2
3256,2
3257,2
3258,2
3259,2
3260,2
3261,2
3262,2
3263,2
3264,2
3265,2
3266,2
3267,2
3268,2
3269,2
3270,2
3271,2
3272,2
3273,2
3274,2
3275,2
3276,2
3277,2
3278,2
3279,2
3280,2
3281,2
3282,2
3283,2
3284,2
3285,2
3286,2
3287,2
3288,2
3289,2
3290,2
3291,2
3292,2
3293,2
3294,2
3295,2
3296,2
3297,2
3298,2
3299,2
3300,2
3301,2
3302,2
3303,2
3304,2
3305,2
3306,2
3307,2
3308,2
3309,2
3310,2
3311,2
3312,2
3313,2
3314,2
3315,2
3316,2
3317,2
3318,2
3319,2
3320,2
3321,2
3322,2
3323,2
3324,2
3325,2
3326,2
3327,2
3328,2
3329,2
3330,2
3331,2
3332,2
3333,2
3334,2
3335,2
3336,2
3337,2
3338,2
3339,2
3340,2
3341,2
3342,2
3343,2
3344,2
3345,2
3346,2
3347,2
3348,2
3349,2
3350,2
3351,2
3352,2
3353,2
3354,2
3355,2
3356,2
3357,2
3358,2
3359,2
3360,2
3361,2
3362,2
3363,2
3364,2
3365,2
3366,2
3367,2
3368,2
3369,2
3370,2
3371,2
3372,2
3373,2
3374,2
3375,2
3376,2
3377,2
3378,2
3379,2
3380,2
3381,2
3382,2
3383,2
3384,2
3385,2
3386,2
3387,2
3388,2
3389,2
3390,2
3391,2
3392,2
3393,2
3394,2
3395,2
3396,2
3397,2
3398,2
3399,2
3400,2
3401,2
3402,2
3403,2
3404,2
3405,2
3406,2
3407,2
3408,2
3409,2
3410,2
3411,2
3412,2
3413,2
3414,2
3415,2
3416,2
3417,2
3418,2
3419,2
3420,2
3421,2
3422,2
3423,2
3424,2
3425,2
3426,2
3427,2
3428,2
3429,2
3430,2
3431,2
3432,2
3433,2
3434,2
3435,2
3436,2
3437,2
3438,2
3439,2
3440,2
3441,2
3442,2
3443,2
3444,2
3445,2
3446,2
3447,2
3448,2
3449,2
3450,2
3451,2
3452,2
3453,2
3454,2
3455,2
3456,2
3457,2
3458,2
3459,2
3460,2
3461,2
3462,2
3463,2
3464,2
3465,2
3466,2
3467,2
3468,2
3469,2
3470,2
3471,2
3472,2
3473,2
3474,2
3475,2
3476,2
3477,2
3478,2
3479,2
3480,2
3481,2
3482,2
3483,2
3484,2
3485,2
3486,2
3487,2
3488,2
3489,2
3490,2
3491,2
3492,2
3493,2
3494,2
3495,2
3496,2
3497,2
3498,2
3499,2
3500,2
3501,2
3502,2
3503,2
3504,2
3505,2
3506,2
3507,2
3508,2
3509,2
3510,2
3511,2
3512,2
3513,2
3514,2
3515,2
3516,2
3517,2
3518,2
3519,2
3520,2
3521,2
3522,2
3523,2
3524,2
3525,2
3526,2
3527,2
3528,2
3529,2
3530,2
3531,2
3532,2
3533,2
3534,14
3535,2
3536,2
3537,2
3538,2
3539,2
3540,2
3541,2
3542,2
3543,14
3544,2
3545,2
3546,2
3547,2
3548,2
3549,2
3550,2
3551,2
3552,2
3553,2
3554,2
3555,14
3556,2
3557,2
3558,2
3559,2
3560,2
3561,2
3562,2
3563,2
3564,2
3565,2
3566,2
3567,2
3568,2
3569,2
3570,2
3571,2
3572,2
3573,2
3574,2
3575,2
3576,2
3577,2
3578,2
3579,2
3580,2
3581,2
3582,2
3583,2
3584,2
3585,2
3586,2
3587,2
3588,2
3589,2
3590,2
3591,2
3592,2
3593,2
3594,2
3595,2
3596,2
3597,2
3598,2
3599,2
3600,7
3601,7
3602,7
3603,7
3604,7
3605,7
3606,7
3607,7
3608,7
3609,7
3610,7
3611,7
3612,7
3613,7
3614,7
3615,7
3616,7
3617,7
3618,7
3619,7
3620,7
3621,7
3622,7
3623,7
3624,7
3625,7
3626,7
3627,7
3628,7
3629,7
3630,7
3631,7
3632,7
3633,7
3634,7
3635,7
3636,7
3637,7
3638,7
3639,7
3640,7
3641,7
3642,7
3643,7
3644,7
3645,7
3646,7
3647,7
3648,7
3649,7
3650,7
3651,7
3652,7
3653,7
3654,7
3655,7
3656,7
3657,7
3658,7
3659,7
3660,7
3661,7
3662,7
3663,7
3664,7
3665,7
3666,7
3667,7
3668,7
3669,7
3670,7
3671,7
3672,7
3673,7
3674,7
3675,7
3676,7
3677,3
3678,7
3679,7
3680,7
3681,7
3682,7
3683,7
3684,7
3685,7
3686,7
3687,7
3688,7
3689,7
3690,7
3691,7
3692,7
3693,3
3694,7
3695,7
3696,7
3697,7
3698,7
3699,7
3700,7
3701,7
3702,9
3703,7
3704,7
3705,7
3706,7
3707,7
3708,7
3709,7
3710,7
3711,7
3712,7
3713,7
3714,7
3715,7
3716,7
3717,3
3718,7
3719,7
3720,7
3721,7
3722,7
3723,7
3724,7
3725,7
3726,7
3727,7
3728,7
3729,7
3730,7
3731,7
3732,7
3733,7
3734,7
3735,7
3736,7
3737,7
3738,7
3739,7
3740,7
3741,7
3742,7
3743,7
3744,7
3745,7
3746,7
3747,7
3748,7
3749,7
3750,7
3751,7
3752,7
3753,7
3754,7
3755,3
3756,7
3757,7
3758,7
3759,7
3760,7
3761,7
3762,7
3763,7
3764,7
3765,7
3766,7
3767,7
3768,7
3769,7
3770,7
3771,7
3772,7
3773,7
3774,7
3775,7
3776,7
3777,7
3778,7
3779,7
3780,7
3781,7
3782,7
3783,7
3784,7
3785,7
3786,7
3787,7
3788,7
3789,7
3790,7
3791,7
3792,7
3793,7
3794,7
3795,7
3796,7
3797,7
3798,7
3799,7
3800,7
3801,7
3802,7
3803,7
3804,3
3805,7
3806,7
3807,7
3808,7
3809,7
3810,7
3811,7
3812,7
3813,7
3814,7
3815,7
3816,7
3817,7
3818,7
3819,7
3820,7
3821,7
3822,7
3823,7
3824,7
3825,7
3826,2
3827,7
3828,7
3829,7
3830,7
3831,7
3832,7
3833,7
3834,7
3835,7
3836,7
3837,7
3838,7
3839,7
3840,7
3841,7
3842,7
3843,7
3844,7
3845,7
3846,7
3847,7
3848,7
3849,7
3850,3
3851,7
3852,7
3853,7
3854,7
3855,7
3856,7
3857,7
3858,7
3859,7
3860,7
3861,7
3862,7
3863,7
3864,7
3865,7
3866,7
3867,7
3868,7
3869,7
3870,7
3871,7
3872,7
3873,7
3874,7
3875,7
3876,7
3877,7
3878,7
3879,7
3880,7
3881,7
3882,7
3883,2
3884,7
3885,7
3886,7
3887,7
3888,7
3889,7
3890,7
3891,7
3892,7
3893,7
3894,7
3895,7
3896,7
3897,7
3898,7
3899,7
3900,7
3901,7
3902,7
3903,7
3904,7
3905,7
3906,7
3907,7
3908,7
3909,7
3910,7
3911,7
3912,7
3913,7
3914,7
3915,7
3916,7
3917,7
3918,7
3919,7
3920,3
3921,7
3922,7
3923,7
3924,7
3925,7
3926,7
3927,7
3928,7
3929,7
3930,7
3931,7
3932,7
3933,7
3934,7
3935,7
3936,7
3937,7
3938,7
3939,7
3940,7
3941,7
3942,7
3943,3
3944,7
3945,7
3946,7
3947,7
3948,7
3949,7
3950,14
3951,14
3952,14
3953,14
3954,14
3955,14
3956,14
3957,14
3958,14
3959,14
3960,14
3961,14
3962,14
3963,14
3964,14
3965,14
3966,14
3967,14
3968,14
3969,14
3970,14
3971,14
3972,14
3973,14
3974,9
3975,14
3976,14
3977,14
3978,14
3979,14
3980,14
3981,14
3982,14
3983,14
3984,14
3985,14
3986,14
3987,14
3988,14
3989,14
3990,14
3991,14
3992,14
3993,14
3994,14
3995,14
3996,14
3997,14
3998,14
3999,14
4000,14
4001,14
4002,14
4003,14
4004,14
4005,14
4006,14
4007,14
4008,14
4009,14
4010,14
4011,14
4012,14
4013,14
4014,14
4015,14
4016,14
4017,14
4018,14
4019,14
4020,14
4021,14
4022,14
4023,14
4024,14
4025,4
4026,14
4027,14
4028,14
4029,14
4030,14
4031,14
4032,14
4033,14
4034,14
4035,14
4036,14
4037,14
4038,14
4039,14
4040,14
4041,14
4042,14
4043,14
4044,14
4045,14
4046,14
4047,14
4048,14
4049,14
4050,14
4051,14
4052,14
4053,9
4054,14
4055,14
4056,14
4057,14
4058,14
4059,14
4060,14
4061,14
4062,14
4063,14
4064,14
4065,14
4066,14
4067,14
4068,14
4069,14
4070,14
4071,14
4072,14
4073,14
4074,14
4075,14
4076,14
4077,14
4078,14
4079,14
4080,14
4081,14
4082,14
4083,14
4084,14
4085,14
4086,14
4087,14
4088,14
4089,14
4090,14
4091,14
4092,14
4093,14
4094,14
4095,14
4096,14
4097,14
4098,14
4099,14
4100,14
4101,14
4102,14
4103,14
4104,14
4105,14
4106,14
4107,14
4108,14
4109,14
4110,14
4111,14
4112,14
4113,14
4114,14
4115,14
4116,14
4117,14
4118,14
4119,14
4120,14
4121,14
4122,14
4123,14
4124,14
4125,14
4126,14
4127,14
4128,9
4129,14
4130,14
4131,14
4132,14
4133,14
4134,14
4135,14
4136,14
4137,14
4138,14
4139,14
4140,14
4141,14
4142,14
4143,14
4144,14
4145,14
4146,14
4147,14
4148,14
4149,14
4150,14
4151,14
4152,14
4153,14
4154,14
4155,14
4156,14
4157,14
4158,14
4159,14
4160,14
4161,14
4162,14
4163,14
4164,14
4165,14
4166,14
4167,14
4168,14
4169,14
4170,14
4171,14
4172,14
4173,14
4174,14
4175,14
4176,14
4177,14
4178,14
4179,14
4180,14
4181,14
4182,14
4183,14
4184,14
4185,14
4186,14
4187,14
4188,14
4189,14
4190,14
4191,14
4192,14
4193,14
4194,14
4195,14
4196,14
4197,14
4198,14
4199,14
4200,14
4201,14
4202,14
4203,14
4204,14
4205,14
4206,14
4207,14
4208,14
4209,14
4210,14
4211,14
4212,14
4213,14
4214,14
4215,14
4216,14
4217,14
4218,14
4219,14
4220,14
4221,14
4222,14
4223,14
4224,14
4225,14
4226,14
4227,14
4228,14
4229,14
4230,14
4231,14
4232,14
4233,14
4234,14
4235,14
4236,14
4237,14
4238,14
4239,14
4240,14
4241,14
4242,14
4243,14
4244,14
4245,14
4246,14
4247,14
4248,14
4249,14
4250,14
4251,14
4252,14
4253,9
4254,9
4255,14
4256,14
4257,14
4258,14
4259,14
4260,14
4261,14
4262,14
4263,14
4264,14
4265,14
4266,14
4267,14
4268,14
4269,14
4270,14
4271,14
4272,14
4273,14
4274,14
4275,14
4276,14
4277,14
4278,14
4279,14
4280,14
4281,14
4282,14
4283,14
4284,14
4285,14
4286,14
4287,14
4288,14
4289,14
4290,14
4291,14
4292,14
4293,14
4294,14
4295,14
4296,14
4297,14
4298,14
4299,14
4300,8
4301,8
4302,8
4303,8
4304,8
4305,8
4306,8
4307,8
4308,8
4309,8
4310,8
4311,8
4312,8
4313,8
4314,8
4315,8
4316,8
4317,8
4318,8
4319,8
4320,8
4321,8
4322,8
4323,8
4324,8
4325,8
4326,8
4327,8
4328,8
4329,8
4330,8
4331,8
4332,8
4333,8
4334,8
4335,8
4336,8
4337,8
4338,8
4339,8
4340,8
4341,8
4342,8
4343,8
4344,8
4345,8
4346,8
4347,8
4348,8
4349,8
4350,8
4351,8
4352,8
4353,8
4354,8
4355,8
4356,8
4357,8
4358,8
4359,12
4360,8
4361,8
4362,8
4363,8
4364,8
4365,4
4366,8
4367,8
4368,8
4369,8
4370,8
4371,8
4372,8
4373,8
4374,8
4375,12
4376,8
4377,8
4378,8
4379,8
4380,8
4381,8
4382,8
4383,8
4384,8
4385,8
4386,8
4387,8
4388,8
4389,8
4390,8
4391,8
4392,8
4393,8
4394,8
4395,8
4396,8
4397,8
4398,8
4399,8
4400,8
4401,8
4402,8
4403,8
4404,8
4405,8
4406,8
4407,8
4408,8
4409,8
4410,8
4411,8
4412,8
4413,8
4414,8
4415,8
4416,8
4417,8
4418,8
4419,8
4420,8
4421,8
4422,8
4423,8
4424,8
4425,8
4426,8
4427,8
4428,8
4429,12
4430,8
4431,8
4432,8
4433,8
4434,8
4435,8
4436,8
4437,8
4438,12
4439,8
4440,8
4441,8
4442,8
4443,8
4444,8
4445,8
4446,12
4447,8
4448,8
4449,8
4450,8
4451,8
4452,8
4453,8
4454,8
4455,8
4456,8
4457,8
4458,8
4459,8
4460,8
4461,8
4462,8
4463,8
4464,8
4465,8
4466,8
4467,4
4468,8
4469,8
4470,8
4471,8
4472,8
4473,8
4474,8
4475,8
4476,8
4477,8
4478,8
4479,8
4480,8
4481,8
4482,8
4483,8
4484,12
4485,8
4486,12
4487,8
4488,8
4489,8
4490,8
4491,8
4492,8
4493,8
4494,8
4495,8
4496,8
4497,8
4498,8
4499,8
4500,8
4501,8
4502,8
4503,8
4504,8
4505,8
4506,8
4507,8
4508,12
4509,8
4510,8
4511,8
4512,8
4513,8
4514,12
4515,8
4516,8
4517,8
4518,8
4519,8
4520,8
4521,8
4522,8
4523,8
4524,8
4525,8
4526,8
4527,8
4528,8
4529,8
4530,8
4531,8
4532,8
4533,8
4534,8
4535,8
4536,8
4537,8
4538,8
4539,8
4540,8
4541,8
4542,8
4543,8
4544,8
4545,8
4546,8
4547,8
4548,8
4549,8
4550,8
4551,8
4552,8
4553,8
4554,8
4555,8
4556,8
4557,8
4558,8
4559,8
4560,8
4561,8
4562,8
4563,8
4564,8
4565,8
4566,8
4567,8
4568,8
4569,8
4570,12
4571,8
4572,8
4573,8
4574,8
4575,8
4576,8
4577,8
4578,8
4579,8
4580,8
4581,8
4582,12
4583,8
4584,8
4585,8
4586,8
4587,8
4588,8
4589,8
4590,8
4591,8
4592,8
4593,8
4594,8
4595,8
4596,8
4597,8
4598,8
4599,8
4600,8
4601,8
4602,8
4603,8
4604,8
4605,8
4606,8
4607,8
4608,8
4609,8
4610,8
4611,8
4612,8
4613,8
4614,8
4615,8
4616,8
4617,8
4618,8
4619,8
4620,8
4621,8
4622,8
4623,8
4624,8
4625,12
4626,8
4627,8
4628,8
4629,8
4630,8
4631,8
4632,8
4633,8
4634,8
4635,8
4636,8
4637,8
4638,8
4639,8
4640,8
4641,8
4642,12
4643,8
4644,8
4645,8
4646,8
4647,12
4648,8
4649,8
4650,10
4651,10
4652,10
4653,10
4654,10
4655,10
4656,10
4657,10
4658,10
4659,10
4660,3
4661,10
4662,10
4663,10
4664,10
4665,10
4666,10
4667,10
4668,10
4669,10
4670,10
4671,10
4672,10
4673,10
4674,10
4675,10
4676,10
4677,10
4678,10
4679,10
4680,10
4681,10
4682,10
4683,10
4684,10
4685,10
4686,10
4687,10
4688,10
4689,10
4690,10
4691,3
4692,10
4693,10
4694,10
4695,10
4696,10
4697,3
4698,10
4699,10
4700,10
4701,10
4702,10
4703,10
4704,10
4705,10
4706,10
4707,10
4708,1
4709,10
4710,10
4711,10
4712,10
4713,1
4714,10
4715,10
4716,10
4717,10
4718,10
4719,10
4720,10
4721,10
4722,10
4723,10
4724,10
4725,10
4726,10
4727,1
4728,10
4729,10
4730,10
4731,10
4732,3
4733,10
4734,10
4735,10
4736,10
4737,10
4738,10
4739,10
4740,10
4741,10
4742,10
4743,1
4744,10
4745,10
4746,10
4747,3
4748,10
4749,10
4750,10
4751,10
4752,10
4753,10
4754,10
4755,10
4756,10
4757,10
4758,1
4759,10
4760,10
4761,10
4762,10
4763,10
4764,10
4765,10
4766,10
4767,10
4768,10
4769,10
4770,10
4771,10
4772,10
4773,10
4774,10
4775,10
4776,10
4777,10
4778,10
4779,10
4780,10
4781,10
4782,10
4783,10
4784,10
4785,10
4786,10
4787,1
4788,10
4789,10
4790,10
4791,10
4792,1
4793,10
4794,10
4795,10
4796,10
4797,10
4798,10
4799,10
4800,10
4801,10
4802,10
4803,10
4804,10
4805,3
4806,10
4807,10
4808,3
4809,10
4810,10
4811,10
4812,10
4813,10
4814,10
4815,10
4816,10
4817,10
4818,10
4819,10
4820,10
4821,10
4822,10
4823,3
4824,10
4825,10
4826,10
4827,10
4828,1
4829,3
4830,10
4831,10
4832,10
4833,10
4834,10
4835,10
4836,10
4837,10
4838,10
4839,10
4840,10
4841,10
4842,10
4843,10
4844,10
4845,10
4846,10
4847,10
4848,1
4849,10
4850,10
4851,10
4852,10
4853,10
4854,10
4855,10
4856,10
4857,10
4858,10
4859,10
4860,10
4861,10
4862,10
4863,10
4864,10
4865,10
4866,10
4867,10
4868,10
4869,10
4870,10
4871,10
4872,10
4873,10
4874,10
4875,10
4876,1
4877,10
4878,10
4879,10
4880,10
4881,3
4882,10
4883,10
4884,10
4885,10
4886,10
4887,10
4888,10
4889,10
4890,10
4891,10
4892,10
4893,10
4894,10
4895,10
4896,10
4897,1
4898,10
4899,1
4900,10
4901,10
4902,10
4903,10
4904,10
4905,10
4906,10
4907,10
4908,10
4909,10
4910,10
4911,10
4912,10
4913,10
4914,10
4915,10
4916,10
4917,10
4918,10
4919,10
4920,10
4921,10
4922,10
4923,10
4924,10
4925,10
4926,10
4927,10
4928,10
4929,10
4930,10
4931,10
4932,10
4933,10
4934,10
4935,10
4936,10
4937,10
4938,10
4939,10
4940,10
4941,3
4942,10
4943,10
4944,10
4945,10
4946,10
4947,10
4948,10
4949,10
4950,10
4951,10
4952,10
4953,10
4954,10
4955,10
4956,10
4957,10
4958,3
4959,10
4960,10
4961,10
4962,10
4963,10
4964,10
4965,1
4966,10
4967,10
4968,10
4969,10
4970,1
4971,10
4972,10
4973,10
4974,10
4975,10
4976,3
4977,10
4978,10
4979,10
4980,10
4981,10
4982,10
4983,10
4984,10
4985,10
4986,10
4987,10
4988,10
4989,10
4990,10
4991,1
4992,10
4993,10
4994,10
4995,10
4996,10
4997,10
4998,10
4999,10
